X,Y,Date,ConfirmedCovidCases,TotalConfirmedCovidCases,ConfirmedCovidDeaths,TotalCovidDeaths,StatisticsProfileDate,CovidCasesConfirmed,HospitalisedCovidCases,RequiringICUCovidCases,HealthcareWorkersCovidCases,ClustersNotified,HospitalisedAged5,HospitalisedAged5to14,HospitalisedAged15to24,HospitalisedAged25to34,HospitalisedAged35to44,HospitalisedAged45to54,HospitalisedAged55to64,HospitalisedAged65up,Male,Female,Unknown,Aged1to4,Aged5to14,Aged15to24,Aged25to34,Aged35to44,Aged45to54,Aged55to64,Aged65up,Median_Age,CommunityTransmission,CloseContact,TravelAbroad,FID
-856335.869598373,7036492.39571864,2020/02/29 00:00:00+00,1,1,0,0,2020/02/27 00:00:00+00,,,,,,,,,,,,,,,,,,,,,,,,,,0,0,0,1
-856335.869598373,7036492.39571864,2020/03/03 00:00:00+00,1,2,0,0,2020/03/01 00:00:00+00,,,,,,,,,,,,,,,,,,,,,,,,,,0,0,0,2
-856335.869598373,7036492.39571864,2020/03/04 00:00:00+00,4,6,0,0,2020/03/02 00:00:00+00,1,0,0,0,,0,0,0,0,0,0,0,0,1,0,0,0,1,0,0,0,0,0,0,13,0,0,0,3
-856335.869598373,7036492.39571864,2020/03/05 00:00:00+00,7,13,0,0,2020/03/03 00:00:00+00,2,1,0,1,,0,0,0,0,0,1,0,0,1,1,0,0,1,0,0,0,1,0,0,49,0,0,0,4
-856335.869598373,7036492.39571864,2020/03/06 00:00:00+00,5,18,0,0,2020/03/04 00:00:00+00,5,4,0,2,,0,1,0,0,2,1,0,0,3,2,0,0,2,0,0,2,1,0,0,41,0,0,0,5
-856335.869598373,7036492.39571864,2020/03/07 00:00:00+00,1,19,0,0,2020/03/05 00:00:00+00,8,7,1,2,,0,2,0,0,4,1,0,0,4,4,0,0,3,0,0,4,1,0,0,38,0,0,0,6
-856335.869598373,7036492.39571864,2020/03/08 00:00:00+00,2,21,0,0,2020/03/06 00:00:00+00,13,9,1,2,,0,2,0,0,5,2,0,0,8,5,0,0,3,0,0,6,3,1,0,49,0,0,0,7
-856335.869598373,7036492.39571864,2020/03/09 00:00:00+00,3,24,0,0,2020/03/07 00:00:00+00,16,11,1,3,,0,2,0,0,6,2,1,0,9,7,0,0,3,0,1,7,3,2,0,38,0,0,0,8
-856335.869598373,7036492.39571864,2020/03/10 00:00:00+00,10,34,0,0,2020/03/08 00:00:00+00,18,13,2,3,,0,2,0,0,6,2,1,2,11,7,0,0,3,0,1,7,3,2,2,70,0,0,0,9
-856335.869598373,7036492.39571864,2020/03/11 00:00:00+00,9,43,1,1,2020/03/09 00:00:00+00,25,18,2,5,,0,2,0,0,7,4,3,2,13,12,0,0,3,0,1,8,5,5,3,61,0,0,0,10
-856335.869598373,7036492.39571864,2020/03/12 00:00:00+00,27,70,0,1,2020/03/10 00:00:00+00,37,28,3,8,,0,2,0,3,7,6,6,4,20,17,0,0,3,1,4,9,7,8,5,46,0,0,0,11
-856335.869598373,7036492.39571864,2020/03/13 00:00:00+00,20,90,0,1,2020/03/11 00:00:00+00,49,37,5,10,,0,2,0,5,7,7,9,7,29,20,0,0,3,1,6,9,9,12,9,61,0,0,0,12
-856335.869598373,7036492.39571864,2020/03/14 00:00:00+00,39,129,1,2,2020/03/12 00:00:00+00,78,48,8,14,,0,2,2,7,10,7,11,9,45,33,0,0,3,11,11,14,13,15,11,31,0,0,0,13
-856335.869598373,7036492.39571864,2020/03/15 00:00:00+00,40,169,0,2,2020/03/13 00:00:00+00,110,56,8,24,,0,2,3,8,11,8,14,10,65,45,0,0,4,13,14,20,21,24,14,49,0,0,0,14
-856335.869598373,7036492.39571864,2020/03/16 00:00:00+00,54,223,0,2,2020/03/14 00:00:00+00,143,63,12,26,,0,2,3,8,11,9,15,15,89,54,0,0,4,16,17,27,27,30,22,48,0,0,0,15
-856335.869598373,7036492.39571864,2020/03/17 00:00:00+00,69,292,0,2,2020/03/15 00:00:00+00,170,68,12,34,,0,2,4,9,11,10,15,17,105,65,0,0,4,19,23,36,29,34,25,40,0,0,0,16
-856335.869598373,7036492.39571864,2020/03/18 00:00:00+00,74,366,0,2,2020/03/16 00:00:00+00,268,93,16,68,,0,2,7,14,15,12,19,24,160,108,0,1,4,27,47,62,39,46,42,41,0,0,0,17
-856335.869598373,7036492.39571864,2020/03/19 00:00:00+00,191,557,1,3,2020/03/17 00:00:00+00,347,120,18,99,,1,2,9,18,18,14,23,35,195,152,0,2,8,37,63,79,48,53,57,42,0,0,0,18
-856335.869598373,7036492.39571864,2020/03/20 00:00:00+00,126,683,0,3,2020/03/18 00:00:00+00,431,150,22,124,,1,2,10,22,20,20,28,47,245,186,0,2,8,45,77,96,61,67,75,45,0,0,0,19
-856335.869598373,7036492.39571864,2020/03/21 00:00:00+00,102,785,0,3,2020/03/19 00:00:00+00,573,182,28,162,,2,2,10,27,22,27,31,61,320,253,0,4,9,54,108,120,94,82,102,46,0,0,0,20
-856335.869598373,7036492.39571864,2020/03/22 00:00:00+00,121,906,1,4,2020/03/20 00:00:00+00,699,218,35,182,,2,3,13,30,26,39,37,68,392,307,0,5,11,60,127,147,130,98,121,46,0,0,0,21
-856335.869598373,7036492.39571864,2020/03/23 00:00:00+00,219,1125,2,6,2020/03/21 00:00:00+00,823,242,41,231,,2,3,14,34,29,41,40,79,457,366,0,5,15,66,164,164,157,114,138,42,0,0,0,22
-856335.869598373,7036492.39571864,2020/03/24 00:00:00+00,204,1329,1,7,2020/03/22 00:00:00+00,951,280,50,260,44,2,3,15,38,30,51,45,96,526,425,0,5,16,74,188,183,189,132,164,50,0,0,0,23
-856335.869598373,7036492.39571864,2020/03/25 00:00:00+00,235,1564,2,9,2020/03/23 00:00:00+00,1149,315,59,304,63,2,3,16,40,31,57,53,113,634,515,0,5,19,91,227,213,227,161,206,46,0,0,0,24
-856335.869598373,7036492.39571864,2020/03/26 00:00:00+00,255,1819,10,19,2020/03/24 00:00:00+00,1369,361,68,341,66,2,3,16,41,33,66,62,138,747,622,0,8,21,108,264,246,279,193,250,48,0,0,0,25
-856335.869598373,7036492.39571864,2020/03/27 00:00:00+00,302,2121,3,22,2020/03/25 00:00:00+00,1617,433,77,401,79,3,4,17,46,44,71,73,175,867,750,0,10,24,120,309,303,316,230,303,47,0,0,0,26
-856335.869598373,7036492.39571864,2020/03/28 00:00:00+00,294,2415,14,36,2020/03/26 00:00:00+00,1879,523,94,489,91,3,4,19,50,50,88,83,226,1002,877,0,14,24,133,357,351,364,266,368,48,0,0,0,27
-856335.869598373,7036492.39571864,2020/03/29 00:00:00+00,200,2625,10,46,2020/03/27 00:00:00+00,2188,614,112,611,103,4,5,20,59,58,106,97,265,1136,1052,0,15,27,152,406,414,428,309,435,47,0,0,0,28
-856335.869598373,7036492.39571864,2020/03/30 00:00:00+00,295,2910,8,54,2020/03/28 00:00:00+00,2446,701,125,676,111,4,5,22,66,68,115,112,308,1240,1206,0,15,27,168,446,463,463,356,505,50,0,0,0,29
-856335.869598373,7036492.39571864,2020/03/31 00:00:00+00,325,3235,17,71,2020/03/29 00:00:00+00,2640,757,136,752,118,5,5,22,67,70,126,122,339,1318,1322,0,17,28,175,474,495,499,394,555,50,0,0,0,30
-856335.869598373,7036492.39571864,2020/04/01 00:00:00+00,212,3447,14,85,2020/03/30 00:00:00+00,2943,857,149,843,134,6,5,25,71,77,140,136,396,1450,1493,0,19,28,190,513,541,553,436,660,54,0,0,0,31
-856335.869598373,7036492.39571864,2020/04/02 00:00:00+00,402,3849,13,99,2020/03/31 00:00:00+00,3233,938,164,956,160,6,5,27,76,86,152,148,437,1568,1665,0,19,29,211,558,607,603,475,727,47,0,0,0,32
-856335.869598373,7036492.39571864,2020/04/03 00:00:00+00,424,4273,22,120,2020/04/01 00:00:00+00,3599,1057,182,1108,171,6,5,30,81,101,165,166,502,1745,1854,0,20,29,229,612,675,685,530,815,49,0,0,0,33
-856335.869598373,7036492.39571864,2020/04/04 00:00:00+00,331,4604,17,137,2020/04/02 00:00:00+00,3959,1148,197,1258,206,6,5,31,83,106,182,180,554,1896,2063,0,21,32,249,670,742,759,577,905,49,0,0,0,34
-856335.869598373,7036492.39571864,2020/04/05 00:00:00+00,390,4994,21,158,2020/04/03 00:00:00+00,4386,1251,211,1415,236,7,5,31,89,112,191,197,618,2065,2321,0,24,34,264,739,799,823,640,1059,55,0,0,0,35
-856335.869598373,7036492.39571864,2020/04/06 00:00:00+00,748,5859,16,174,2020/04/04 00:00:00+00,4849,1346,217,1623,260,7,5,31,96,119,202,208,677,2226,2623,0,24,35,281,808,892,901,688,1214,51,0,0,0,36
-856335.869598373,7036492.39571864,2020/04/07 00:00:00+00,365,6224,36,210,2020/04/05 00:00:00+00,5526,1421,226,1781,270,7,5,31,100,126,212,221,718,2581,2945,0,30,38,341,935,1037,1040,786,1312,44,0,0,0,37
-856335.869598373,7036492.39571864,2020/04/08 00:00:00+00,464,6688,25,235,2020/04/06 00:00:00+00,5910,1515,239,1894,299,7,5,31,103,133,230,234,771,2752,3158,0,30,41,358,997,1104,1109,837,1427,52,0,0,0,38
-856335.869598373,7036492.39571864,2020/04/09 00:00:00+00,705,7393,28,263,2020/04/07 00:00:00+00,6374,1568,247,2115,317,9,5,32,105,135,239,242,800,2930,3444,0,33,43,378,1089,1167,1211,913,1533,49,0,0,0,39
-856335.869598373,7036492.39571864,2020/04/10 00:00:00+00,696,8089,25,287,2020/04/08 00:00:00+00,6987,1679,267,2366,339,11,5,33,112,143,255,264,855,3191,3796,0,36,45,416,1204,1294,1328,1002,1655,46,0,0,0,40
-856335.869598373,7036492.39571864,2020/04/11 00:00:00+00,553,8928,33,320,2020/04/09 00:00:00+00,7685,1768,279,2628,356,12,5,35,115,148,261,279,912,3464,4221,0,39,52,464,1322,1405,1465,1124,1807,49,0,0,0,41
-856335.869598373,7036492.39571864,2020/04/12 00:00:00+00,430,9655,14,334,2020/04/10 00:00:00+00,8390,1829,290,2902,382,12,5,38,119,150,272,289,943,3763,4627,0,44,56,518,1461,1545,1593,1237,1929,45,0,0,0,42
-856335.869598373,7036492.39571864,2020/04/13 00:00:00+00,527,10647,31,365,2020/04/11 00:00:00+00,9359,1903,299,3235,401,13,5,38,121,156,282,298,989,4208,5151,0,47,67,585,1628,1737,1792,1396,2099,46,0,0,0,43
-856335.869598373,7036492.39571864,2020/04/14 00:00:00+00,548,11478,41,406,2020/04/12 00:00:00+00,10252,1960,307,3471,408,13,5,39,125,162,289,305,1021,4596,5656,0,54,80,664,1786,1905,1961,1508,2286,46,0,0,0,44
-856335.869598373,7036492.39571864,2020/04/15 00:00:00+00,657,12547,38,444,2020/04/13 00:00:00+00,11118,2018,311,3662,413,14,5,39,127,170,299,308,1055,4993,6125,0,59,94,727,1927,2059,2132,1621,2491,48,0,0,0,45
-856335.869598373,7036492.39571864,2020/04/16 00:00:00+00,629,13271,43,486,2020/04/14 00:00:00+00,12248,2080,316,3918,425,14,5,40,129,173,304,318,1096,5493,6755,0,70,122,798,2119,2285,2362,1782,2702,46,0,0,0,46
-856335.869598373,7036492.39571864,2020/04/17 00:00:00+00,597,13980,44,530,2020/04/15 00:00:00+00,12828,2137,324,4128,436,14,6,42,132,180,309,326,1127,5732,7096,0,70,134,835,2202,2384,2467,1875,2852,50,0,0,0,47
-856335.869598373,7036492.39571864,2020/04/18 00:00:00+00,630,14758,41,571,2020/04/16 00:00:00+00,13549,2230,332,4402,454,14,7,44,136,185,323,340,1180,6005,7544,0,75,140,882,2300,2490,2624,1982,3047,51,0,0,0,48
-856335.869598373,7036492.39571864,2020/04/19 00:00:00+00,445,15251,39,610,2020/04/17 00:00:00+00,14402,2298,338,4673,472,14,8,47,140,189,332,352,1215,6355,8047,0,77,152,943,2440,2628,2789,2092,3271,49,0,0,0,49
-856335.869598373,7036492.39571864,2020/04/20 00:00:00+00,401,15652,77,687,2020/04/18 00:00:00+00,14957,2335,339,4862,478,14,8,48,144,192,335,356,1237,6549,8408,0,81,159,989,2526,2710,2908,2152,3422,49,0,0,0,50
-856335.869598373,7036492.39571864,2020/04/21 00:00:00+00,388,16040,44,730,2020/04/19 00:00:00+00,15223,2367,340,4934,491,14,8,48,145,197,339,356,1259,6644,8579,0,81,159,999,2550,2746,2936,2173,3569,77,0,0,0,51
-856335.869598373,7036492.39571864,2020/04/22 00:00:00+00,629,16671,49,769,2020/04/20 00:00:00+00,15618,2409,346,5044,507,14,8,49,147,199,340,365,1286,6804,8814,0,85,166,1029,2603,2805,2998,2217,3705,53,0,0,0,52
-856335.869598373,7036492.39571864,2020/04/23 00:00:00+00,936,17607,28,794,2020/04/21 00:00:00+00,16128,2450,354,5228,522,14,8,49,148,204,344,373,1309,6978,9150,0,86,170,1058,2667,2881,3077,2271,3908,55,0,0,0,53
-856335.869598373,7036492.39571864,2020/04/24 00:00:00+00,577,18184,37,829,2020/04/22 00:00:00+00,17074,2505,362,5556,548,14,8,51,153,211,353,377,1337,7316,9758,0,89,173,1117,2788,2990,3228,2365,4314,59,0,0,0,54
-856335.869598373,7036492.39571864,2020/04/25 00:00:00+00,377,18561,42,868,2020/04/23 00:00:00+00,17611,2552,367,5738,567,14,8,51,153,214,358,384,1369,7507,10104,0,90,177,1149,2854,3066,3298,2415,4552,58,0,0,0,55
-856335.869598373,7036492.39571864,2020/04/26 00:00:00+00,701,19262,26,1087,2020/04/24 00:00:00+00,18060,2594,376,5919,601,14,8,51,153,217,361,394,1395,7644,10416,0,90,180,1180,2927,3128,3353,2466,4726,55,0,0,0,56
-856335.869598373,7036492.39571864,2020/04/27 00:00:00+00,386,19648,18,1102,2020/04/25 00:00:00+00,18724,2640,379,6116,604,14,8,52,157,220,369,398,1421,7907,10817,0,94,187,1225,3018,3232,3475,2517,4966,51,0,0,0,57
-856335.869598373,7036492.39571864,2020/04/28 00:00:00+00,229,19877,45,1159,2020/04/26 00:00:00+00,19123,2681,381,6243,608,14,8,53,157,222,370,406,1450,8051,11072,0,95,192,1258,3066,3285,3524,2553,5140,57,0,0,0,58
-856335.869598373,7036492.39571864,2020/04/29 00:00:00+00,376,20253,31,1190,2020/04/27 00:00:00+00,19490,2719,383,6373,620,15,8,53,164,226,371,410,1471,8206,11284,0,97,196,1291,3123,3348,3588,2589,5248,49,0,0,0,59
-856335.869598373,7036492.39571864,2020/04/30 00:00:00+00,359,20612,43,1232,2020/04/28 00:00:00+00,19856,2750,386,6514,630,15,8,53,165,228,376,411,1493,8336,11520,0,98,200,1319,3174,3409,3652,2633,5361,50,0,0,0,60
-856335.869598373,7036492.39571864,2020/05/01 00:00:00+00,221,20833,34,1265,2020/04/29 00:00:00+00,20252,2802,389,6628,646,16,9,55,169,229,380,416,1527,8521,11731,0,100,205,1357,3246,3463,3707,2673,5490,50,0,0,0,61
-856335.869598373,7036492.39571864,2020/05/02 00:00:00+00,343,21176,25,1286,2020/04/30 00:00:00+00,20523,2823,390,6720,676,16,9,55,170,229,383,419,1541,8627,11896,0,100,206,1378,3292,3507,3758,2705,5566,51,0,0,0,62
-856335.869598373,7036492.39571864,2020/05/03 00:00:00+00,330,21506,19,1303,2020/05/01 00:00:00+00,20874,2866,392,6834,694,18,12,56,170,231,391,425,1562,8781,12093,0,107,215,1415,3352,3566,3818,2743,5647,45,0,0,0,63
-856335.869598373,7036492.39571864,2020/05/04 00:00:00+00,266,21772,16,1319,2020/05/02 00:00:00+00,21257,2886,392,6941,703,18,13,56,172,234,394,427,1571,8993,12263,1,109,223,1458,3443,3644,3879,2790,5700,40,0,0,0,64
-856335.869598373,7036492.39571864,2020/05/05 00:00:00+00,211,21983,23,1339,2020/05/03 00:00:00+00,21462,2909,395,6998,706,18,14,58,174,238,397,429,1580,9095,12366,1,110,230,1473,3479,3690,3913,2818,5737,44,0,0,0,65
-856335.869598373,7036492.39571864,2020/05/06 00:00:00+00,265,22248,37,1375,2020/05/04 00:00:00+00,21711,2923,397,7061,710,18,14,59,174,238,400,430,1589,9226,12484,1,113,236,1493,3537,3742,3957,2841,5780,41,0,0,0,66
-856335.869598373,7036492.39571864,2020/05/07 00:00:00+00,137,22385,29,1403,2020/05/05 00:00:00+00,21992,2943,401,7142,733,18,15,63,174,240,400,433,1599,9371,12620,1,116,240,1529,3598,3807,3999,2872,5819,39,0,0,0,67
-856335.869598373,7036492.39571864,2020/05/08 00:00:00+00,156,22541,27,1429,2020/05/06 00:00:00+00,22129,2965,404,7202,737,18,17,63,174,240,401,437,1614,9427,12700,2,116,242,1541,3616,3829,4034,2891,5847,49,0,0,0,68
-856335.869598373,7036492.39571864,2020/05/09 00:00:00+00,219,22760,18,1446,2020/05/07 00:00:00+00,22315,2981,404,7262,746,18,17,63,175,240,402,439,1626,9505,12808,2,116,244,1562,3653,3866,4055,2913,5893,44,0,0,0,69
-856335.869598373,7036492.39571864,2020/05/10 00:00:00+00,236,22996,12,1458,2020/05/08 00:00:00+00,22473,3004,406,7328,750,18,17,63,177,242,406,440,1640,9570,12901,2,118,250,1576,3684,3892,4077,2931,5932,45,0,0,0,70
-856335.869598373,7036492.39571864,2020/05/11 00:00:00+00,139,23135,15,1467,2020/05/09 00:00:00+00,22734,3021,407,7444,755,19,17,64,178,242,407,441,1652,9662,13070,2,120,257,1597,3727,3943,4120,2968,5989,46,0,0,0,71
-856335.869598373,7036492.39571864,2020/05/12 00:00:00+00,107,23242,24,1488,2020/05/10 00:00:00+00,22915,3032,408,7501,759,19,17,64,178,242,408,442,1661,9734,13179,2,120,259,1616,3757,3971,4145,2993,6041,50,0,0,0,72
-856335.869598373,7036492.39571864,2020/05/13 00:00:00+00,159,23401,10,1497,2020/05/11 00:00:00+00,23000,3046,408,7525,766,19,17,64,181,243,410,442,1669,9770,13228,2,121,262,1625,3775,3987,4161,2998,6058,41,0,0,0,73
-856335.869598373,7036492.39571864,2020/05/14 00:00:00+00,426,23827,10,1506,2020/05/12 00:00:00+00,23124,3055,411,7568,766,19,17,64,182,244,410,447,1671,9831,13291,2,124,265,1635,3803,4008,4177,3014,6085,43,0,0,0,74
-856335.869598373,7036492.39571864,2020/05/15 00:00:00+00,129,23956,16,1518,2020/05/13 00:00:00+00,23487,3072,414,7806,781,19,17,64,184,246,412,451,1678,9989,13495,3,127,265,1681,3912,4087,4247,3052,6103,38,0,0,0,75
-856335.869598373,7036492.39571864,2020/05/16 00:00:00+00,92,24048,15,1533,2020/05/14 00:00:00+00,23720,3094,415,7872,784,19,17,64,186,250,415,457,1685,10112,13605,3,127,266,1699,3970,4160,4286,3080,6119,40,0,0,0,76
-856335.869598373,7036492.39571864,2020/05/17 00:00:00+00,64,24112,10,1543,2020/05/15 00:00:00+00,23825,3101,416,7898,800,19,17,64,186,252,416,457,1689,10171,13651,3,129,269,1709,3993,4187,4303,3084,6138,39,0,0,0,77
-856335.869598373,7036492.39571864,2020/05/18 00:00:00+00,88,24200,4,1547,2020/05/16 00:00:00+00,23909,3108,417,7929,805,19,17,64,186,252,416,461,1692,10203,13703,3,131,269,1716,4021,4203,4313,3088,6155,37,0,0,0,78
-856335.869598373,7036492.39571864,2020/05/19 00:00:00+00,51,24251,16,1561,2020/05/17 00:00:00+00,24038,3115,418,7965,806,19,17,65,186,252,417,461,1697,10264,13771,3,133,274,1739,4044,4232,4330,3103,6170,39,0,0,0,79
-856335.869598373,7036492.39571864,2020/05/20 00:00:00+00,64,24315,11,1571,2020/05/18 00:00:00+00,24080,3128,421,7979,810,19,17,65,187,253,420,462,1704,10279,13798,3,134,276,1744,4048,4242,4338,3107,6178,44,0,0,0,80
-856335.869598373,7036492.39571864,2020/05/21 00:00:00+00,76,24391,12,1583,2020/05/19 00:00:00+00,24155,3140,421,8003,814,19,17,65,187,254,422,465,1710,10311,13841,3,136,277,1755,4062,4256,4349,3113,6194,41,0,0,0,81
-856335.869598373,7036492.39571864,2020/05/22 00:00:00+00,115,24506,11,1592,2020/05/20 00:00:00+00,24230,3159,425,8026,823,19,17,65,188,254,423,470,1722,10348,13879,3,136,280,1758,4072,4272,4357,3125,6217,55,0,0,0,82
-856335.869598373,7036492.39571864,2020/05/23 00:00:00+00,76,24582,13,1604,2020/05/21 00:00:00+00,24325,3174,428,8043,829,19,17,66,188,255,424,471,1733,10387,13935,3,140,287,1764,4089,4288,4378,3129,6237,43,0,0,0,83
-856335.869598373,7036492.39571864,2020/05/24 00:00:00+00,57,24639,4,1608,2020/05/22 00:00:00+00,24440,3184,429,8067,844,19,17,66,190,256,426,473,1736,10436,14001,3,144,290,1786,4113,4309,4392,3141,6252,37,0,0,0,84
-856335.869598373,7036492.39571864,2020/05/25 00:00:00+00,59,24698,0,1606,2020/05/23 00:00:00+00,24479,3190,429,8077,846,19,17,67,191,257,426,473,1739,10457,14019,3,145,291,1792,4118,4320,4397,3144,6259,42,0,0,0,85
-856335.869598373,7036492.39571864,2020/05/26 00:00:00+00,37,24735,9,1615,2020/05/24 00:00:00+00,24519,3194,429,8085,846,19,17,67,191,257,427,473,1742,10482,14034,3,146,293,1797,4121,4323,4408,3149,6269,50,0,0,0,86
-856335.869598373,7036492.39571864,2020/05/27 00:00:00+00,73,24803,17,1631,2020/05/25 00:00:00+00,24624,3206,432,8117,846,19,17,67,192,257,429,475,1749,10524,14097,3,147,296,1805,4144,4336,4426,3167,6290,48,0,0,0,87
-856335.869598373,7036492.39571864,2020/05/28 00:00:00+00,46,24841,9,1639,2020/05/26 00:00:00+00,24692,3214,433,8145,850,19,17,67,193,257,430,476,1754,10548,14141,3,149,303,1813,4151,4351,4435,3174,6303,42,0,0,0,88
-856335.869598373,7036492.39571864,2020/05/29 00:00:00+00,39,24876,6,1645,2020/05/27 00:00:00+00,24732,3217,433,8158,856,19,17,67,193,258,431,476,1755,10563,14166,3,150,304,1816,4158,4358,4443,3178,6312,50,0,0,0,89
-856335.869598373,7036492.39571864,2020/05/30 00:00:00+00,59,24929,9,1650,2020/05/28 00:00:00+00,24769,3222,433,8162,861,19,17,67,193,260,431,477,1757,10577,14189,3,152,306,1816,4160,4364,4451,3183,6324,53,0,0,0,90
-856335.869598373,7036492.39571864,2020/05/31 00:00:00+00,66,24990,2,1651,2020/05/29 00:00:00+00,24824,3232,433,8179,866,19,17,67,193,261,432,478,1764,10600,14221,3,152,307,1818,4169,4376,4459,3186,6344,49,0,0,0,91
-856335.869598373,7036492.39571864,2020/06/01 00:00:00+00,77,25062,1,1650,2020/05/30 00:00:00+00,24890,3234,433,8183,866,19,17,67,193,261,433,478,1765,10642,14245,3,153,308,1825,4181,4391,4472,3193,6354,43,0,0,0,92
-856335.869598373,7036492.39571864,2020/06/02 00:00:00+00,10,25066,8,1658,2020/05/31 00:00:00+00,24965,3238,433,8208,867,19,17,68,193,261,434,479,1766,10671,14291,3,155,316,1837,4191,4399,4486,3202,6366,38,0,0,0,93
-856335.869598373,7036492.39571864,2020/06/03 00:00:00+00,47,25111,3,1659,2020/06/01 00:00:00+00,24975,3242,433,8209,872,19,17,68,193,261,434,479,1770,10677,14295,3,155,316,1838,4193,4399,4487,3202,6372,65,0,0,0,94
-856335.869598373,7036492.39571864,2020/06/04 00:00:00+00,38,25142,5,1664,2020/06/02 00:00:00+00,25015,3253,433,8218,876,19,17,68,193,263,435,481,1776,10693,14319,3,155,318,1839,4195,4408,4495,3210,6382,50,0,0,0,95
-856335.869598373,7036492.39571864,2020/06/05 00:00:00+00,28,25163,7,1670,2020/06/03 00:00:00+00,25051,3254,433,8227,880,19,17,68,193,263,435,481,1777,10713,14335,3,157,318,1844,4200,4415,4506,3215,6383,41,0,0,0,96
-856335.869598373,7036492.39571864,2020/06/06 00:00:00+00,24,25183,9,1678,2020/06/04 00:00:00+00,25077,3258,433,8233,885,19,17,68,193,263,435,482,1780,10724,14350,3,160,320,1848,4204,4417,4509,3216,6390,35,0,0,0,97
-856335.869598373,7036492.39571864,2020/06/07 00:00:00+00,25,25201,1,1679,2020/06/05 00:00:00+00,25099,3261,433,8244,888,19,17,68,193,263,435,483,1782,10732,14364,3,160,320,1852,4209,4421,4513,3217,6394,44,0,0,0,98
-856335.869598373,7036492.39571864,2020/06/08 00:00:00+00,9,25207,4,1683,2020/06/06 00:00:00+00,25122,3263,433,8255,891,19,17,68,193,263,436,483,1783,10742,14377,3,160,320,1858,4212,4425,4518,3219,6397,42,0,0,0,99
-856335.869598373,7036492.39571864,2020/06/09 00:00:00+00,9,25215,9,1691,2020/06/07 00:00:00+00,25131,3264,433,8259,892,19,17,68,193,264,436,483,1783,10748,14380,3,160,320,1858,4214,4428,4521,3219,6398,43,0,0,0,100
-856335.869598373,7036492.39571864,2020/06/10 00:00:00+00,19,25231,5,1695,2020/06/08 00:00:00+00,25140,3266,433,8260,887,19,17,68,193,264,436,484,1784,10755,14382,3,160,320,1860,4214,4429,4523,3222,6399,51,0,0,0,101
-856335.869598373,7036492.39571864,2020/06/11 00:00:00+00,8,25238,8,1703,2020/06/09 00:00:00+00,25158,3268,433,8264,901,19,17,68,194,265,436,484,1784,10762,14393,3,161,320,1865,4217,4432,4525,3222,6403,42,0,0,0,102
-856335.869598373,7036492.39571864,2020/06/12 00:00:00+00,13,25250,3,1705,2020/06/10 00:00:00+00,25166,3269,433,8265,917,19,17,68,194,265,436,484,1785,10765,14398,3,162,320,1866,4219,4433,4526,3222,6405,44,0,0,0,103
-856335.869598373,7036492.39571864,2020/06/13 00:00:00+00,46,25295,5,1705,2020/06/11 00:00:00+00,25179,3270,433,8267,941,19,17,68,194,265,436,484,1786,10768,14408,3,164,320,1867,4221,4433,4527,3222,6412,68,0,0,0,104
-856335.869598373,7036492.39571864,2020/06/14 00:00:00+00,8,25303,1,1706,2020/06/12 00:00:00+00,25224,3273,433,8276,970,19,17,68,195,265,436,485,1787,10788,14433,3,166,323,1871,4229,4442,4535,3226,6419,43,0,0,0,105
-856335.869598373,7036492.39571864,2020/06/15 00:00:00+00,18,25321,0,1706,2020/06/13 00:00:00+00,25232,3274,433,8278,976,19,17,68,195,265,436,485,1788,10792,14437,3,166,323,1873,4231,4442,4536,3226,6422,43,0,0,0,106
-856335.869598373,7036492.39571864,2020/06/16 00:00:00+00,14,25334,3,1709,2020/06/14 00:00:00+00,25250,3275,433,8285,976,20,17,68,195,265,436,485,1788,10799,14448,3,168,324,1874,4232,4445,4540,3229,6425,42,0,0,0,107
-856335.869598373,7036492.39571864,2020/06/17 00:00:00+00,8,25341,3,1710,2020/06/15 00:00:00+00,25264,3278,434,8289,981,20,17,68,195,266,437,485,1789,10805,14456,3,169,325,1874,4233,4448,4544,3229,6429,47,0,0,0,108
-856335.869598373,7036492.39571864,2020/06/18 00:00:00+00,16,25355,4,1714,2020/06/16 00:00:00+00,25272,3278,434,8291,1005,20,17,68,195,266,437,485,1789,10808,14461,3,169,325,1875,4235,4449,4545,3230,6431,35,0,0,0,109
-856335.869598373,7036492.39571864,2020/06/19 00:00:00+00,13,25368,2,1714,2020/06/17 00:00:00+00,25288,3279,434,8298,1031,20,17,68,196,266,437,485,1789,10817,14468,3,169,326,1877,4239,4452,4548,3231,6433,38,0,0,0,110
-856335.869598373,7036492.39571864,2020/06/20 00:00:00+00,22,25374,2,1715,2020/06/18 00:00:00+00,25301,3280,434,8300,1033,20,17,68,196,267,437,485,1789,10824,14474,3,169,327,1878,4242,4454,4550,3231,6437,43,0,0,0,111
-856335.869598373,7036492.39571864,2020/06/21 00:00:00+00,6,25379,0,1715,2020/06/19 00:00:00+00,25322,3280,434,8305,1036,20,17,68,196,267,437,485,1789,10834,14485,3,169,327,1883,4246,4457,4553,3234,6440,39,0,0,0,112
-856335.869598373,7036492.39571864,2020/06/22 00:00:00+00,4,25383,2,1717,2020/06/20 00:00:00+00,25327,3280,434,8305,1069,20,17,68,196,267,437,485,1789,10835,14489,3,169,327,1883,4247,4459,4553,3234,6442,40,0,0,0,113
-856335.869598373,7036492.39571864,2020/06/23 00:00:00+00,10,25391,3,1720,2020/06/21 00:00:00+00,25331,3281,434,8307,1100,20,17,68,196,267,438,485,1789,10837,14491,3,169,327,1884,4248,4459,4555,3234,6442,38,0,0,0,114
-856335.869598373,7036492.39571864,2020/06/24 00:00:00+00,5,25396,6,1726,2020/06/22 00:00:00+00,25341,3282,434,8309,1212,20,17,68,196,268,438,485,1789,10841,14497,3,169,328,1884,4249,4462,4555,3238,6443,48,0,0,0,115
-856335.869598373,7036492.39571864,2020/06/25 00:00:00+00,11,25405,1,1727,2020/06/23 00:00:00+00,25345,3285,434,8310,1321,20,17,68,196,268,438,486,1791,10843,14499,3,169,328,1884,4249,4463,4555,3239,6445,68,0,0,0,116
-856335.869598373,7036492.39571864,2020/06/26 00:00:00+00,11,25414,3,1730,2020/06/24 00:00:00+00,25354,3285,434,8311,1339,20,17,68,196,268,438,486,1791,10846,14505,3,169,328,1885,4250,4464,4555,3241,6449,57,0,0,0,117
-856335.869598373,7036492.39571864,2020/06/27 00:00:00+00,23,25437,6,1734,2020/06/25 00:00:00+00,25365,3285,434,8313,1339,20,17,68,196,268,438,486,1791,10853,14509,3,169,328,1887,4253,4468,4556,3241,6450,37,0,0,0,118
-856335.869598373,7036492.39571864,2020/06/28 00:00:00+00,3,25439,1,1735,2020/06/26 00:00:00+00,25385,3286,434,8323,1339,20,17,68,196,268,439,486,1791,10863,14519,3,169,328,1889,4261,4472,4560,3241,6452,34,0,0,0,119
-856335.869598373,7036492.39571864,2020/06/29 00:00:00+00,24,25462,0,1735,2020/06/27 00:00:00+00,25388,3287,434,8323,1429,20,17,69,196,268,439,486,1791,10864,14521,3,170,328,1891,4261,4472,4560,3241,6452,21,0,0,0,120
-856335.869598373,7036492.39571864,2020/06/30 00:00:00+00,11,25473,1,1736,2020/06/28 00:00:00+00,25412,3290,434,8328,1429,20,17,69,196,269,439,486,1793,10871,14538,3,171,328,1894,4266,4475,4563,3243,6459,43,0,0,0,121
-856335.869598373,7036492.39571864,2020/07/01 00:00:00+00,6,25477,3,1738,2020/06/29 00:00:00+00,25423,3291,434,8332,1687,20,17,69,196,269,439,486,1794,10877,14543,3,171,329,1896,4270,4477,4564,3243,6460,27,0,0,0,122
-856335.869598373,7036492.39571864,2020/07/02 00:00:00+00,15,25489,5,1738,2020/06/30 00:00:00+00,25429,3292,434,8335,1687,20,17,69,197,269,439,486,1794,10877,14549,3,171,329,1896,4271,4478,4565,3244,6462,51,0,0,0,123
-856335.869598373,7036492.39571864,2020/07/03 00:00:00+00,9,25498,2,1740,2020/07/01 00:00:00+00,25444,3293,435,8338,1772,20,17,69,197,269,439,486,1795,10885,14556,3,171,329,1900,4276,4479,4568,3245,6463,32,0,0,0,124
-856335.869598373,7036492.39571864,2020/07/04 00:00:00+00,11,25509,1,1741,2020/07/02 00:00:00+00,25453,3295,435,8339,1809,21,18,69,197,269,439,486,1795,10892,14558,3,173,330,1900,4280,4480,4568,3246,6463,26,0,0,0,125
-856335.869598373,7036492.39571864,2020/07/05 00:00:00+00,18,25527,0,1741,2020/07/03 00:00:00+00,25464,3295,435,8341,1823,21,18,69,197,269,439,486,1795,10900,14561,3,174,330,1900,4282,4483,4572,3247,6463,43,0,0,0,126
-856335.869598373,7036492.39571864,2020/07/06 00:00:00+00,4,25531,0,1741,2020/07/04 00:00:00+00,25481,3296,436,8348,1823,21,18,69,197,269,440,486,1795,10909,14569,3,175,331,1901,4284,4488,4575,3249,6465,41,0,0,0,127
-856335.869598373,7036492.39571864,2020/07/07 00:00:00+00,24,25538,1,1742,2020/07/05 00:00:00+00,25484,3296,436,8350,1827,21,18,69,197,269,440,486,1795,10909,14572,3,175,331,1901,4285,4489,4575,3250,6465,39,0,0,0,128
-856335.869598373,7036492.39571864,2020/07/08 00:00:00+00,11,25542,0,1738,2020/07/06 00:00:00+00,25508,3297,436,8363,1860,21,18,69,197,270,440,486,1795,10918,14587,3,176,331,1904,4290,4497,4577,3253,6467,38,0,0,0,129
-856335.869598373,7036492.39571864,2020/07/09 00:00:00+00,22,25565,6,1743,2020/07/07 00:00:00+00,25519,3298,436,8369,1884,22,18,69,197,270,440,486,1795,10922,14594,3,177,331,1907,4292,4498,4579,3254,6468,29,0,0,0,130
-856335.869598373,7036492.39571864,2020/07/10 00:00:00+00,25,25589,1,1744,2020/07/08 00:00:00+00,25542,3298,436,8372,1896,22,18,69,197,270,440,486,1795,10932,14607,3,178,333,1921,4295,4500,4579,3254,6469,23,0,0,0,131
-856335.869598373,7036492.39571864,2020/07/11 00:00:00+00,23,25611,2,1746,2020/07/09 00:00:00+00,25567,3299,436,8375,1920,22,18,69,197,271,440,486,1795,10942,14622,3,178,337,1932,4297,4505,4581,3254,6470,24,0,0,0,132
-856335.869598373,7036492.39571864,2020/07/12 00:00:00+00,17,25628,0,1746,2020/07/10 00:00:00+00,25590,3299,436,8378,1935,22,18,69,197,271,440,486,1795,10951,14636,3,179,338,1938,4302,4510,4584,3254,6472,31,0,0,0,133
-856335.869598373,7036492.39571864,2020/07/13 00:00:00+00,11,25638,0,1746,2020/07/11 00:00:00+00,25607,3299,436,8387,1935,22,18,69,197,271,440,486,1795,10958,14646,3,179,338,1939,4313,4512,4585,3255,6473,29,0,0,0,134
-856335.869598373,7036492.39571864,2020/07/14 00:00:00+00,32,25670,0,1746,2020/07/12 00:00:00+00,25618,3300,436,8392,1933,22,18,70,197,271,440,486,1795,10962,14653,3,179,338,1941,4316,4512,4587,3257,6475,47,0,0,0,135
-856335.869598373,7036492.39571864,2020/07/15 00:00:00+00,14,25683,2,1748,2020/07/13 00:00:00+00,25650,3304,437,8410,1976,22,18,70,197,271,440,488,1797,10973,14674,3,179,338,1943,4323,4517,4595,3262,6480,45,0,0,0,136
-856335.869598373,7036492.39571864,2020/07/16 00:00:00+00,21,25698,1,1749,2020/07/14 00:00:00+00,25663,3306,437,8416,2019,22,18,70,197,271,440,489,1798,10980,14680,3,179,338,1945,4327,4518,4599,3263,6481,38,0,0,0,137
-856335.869598373,7036492.39571864,2020/07/17 00:00:00+00,34,25730,3,1752,2020/07/15 00:00:00+00,25685,3307,437,8419,2101,22,18,70,197,271,441,489,1798,10992,14690,3,180,338,1947,4336,4522,4601,3263,6485,33,0,0,0,138
-856335.869598373,7036492.39571864,2020/07/18 00:00:00+00,21,25750,2,1753,2020/07/16 00:00:00+00,25718,3308,437,8423,2110,22,18,71,197,271,441,489,1798,11010,14705,3,183,339,1954,4344,4527,4603,3264,6490,32,0,0,0,139
-856335.869598373,7036492.39571864,2020/07/19 00:00:00+00,9,25760,0,1753,2020/07/17 00:00:00+00,25737,3308,437,8428,2146,22,18,71,197,271,441,489,1798,11019,14715,3,183,339,1958,4349,4528,4606,3266,6494,33,0,0,0,140
-856335.869598373,7036492.39571864,2020/07/20 00:00:00+00,6,25766,0,1753,2020/07/18 00:00:00+00,25746,3309,437,8431,2146,22,18,71,197,271,441,489,1799,11023,14720,3,183,339,1959,4351,4532,4606,3267,6495,36,0,0,0,141
-856335.869598373,7036492.39571864,2020/07/21 00:00:00+00,36,25802,0,1753,2020/07/19 00:00:00+00,25752,3309,437,8433,2146,22,18,71,197,271,441,489,1799,11025,14724,3,183,340,1959,4351,4534,4608,3268,6495,40,0,0,0,142
-856335.869598373,7036492.39571864,2020/07/22 00:00:00+00,17,25819,1,1754,2020/07/20 00:00:00+00,25786,3310,437,8440,2153,22,18,71,197,272,441,489,1799,11051,14732,3,183,341,1964,4357,4538,4619,3273,6497,46,0,0,0,143
-856335.869598373,7036492.39571864,2020/07/23 00:00:00+00,7,25826,9,1763,2020/07/21 00:00:00+00,25803,3311,437,8449,2226,22,18,72,197,272,441,489,1799,11058,14742,3,184,341,1965,4361,4541,4622,3274,6501,44,0,0,0,144
-856335.869598373,7036492.39571864,2020/07/24 00:00:00+00,20,25845,0,1763,2020/07/22 00:00:00+00,25810,3312,437,8451,2264,22,18,72,197,272,442,489,1799,11061,14746,3,184,341,1966,4363,4542,4623,3274,6503,48,0,0,0,145
-856335.869598373,7036492.39571864,2020/07/25 00:00:00+00,24,25869,1,1764,2020/07/23 00:00:00+00,25830,3313,437,8453,2274,22,18,72,197,272,442,490,1799,11070,14757,3,185,343,1969,4370,4546,4623,3275,6505,31,0,0,0,146
-856335.869598373,7036492.39571864,2020/07/26 00:00:00+00,12,25881,0,1764,2020/07/24 00:00:00+00,25853,3313,437,8460,2282,22,18,72,197,272,442,490,1799,11081,14769,3,186,343,1972,4376,4554,4628,3275,6505,36,0,0,0,147
-856335.869598373,7036492.39571864,2020/07/27 00:00:00+00,11,25892,0,1764,2020/07/25 00:00:00+00,25865,3315,437,8463,2282,23,18,73,197,272,442,490,1799,11086,14776,3,188,343,1975,4382,4554,4628,3276,6505,26,0,0,0,148
-856335.869598373,7036492.39571864,2020/07/28 00:00:00+00,40,25930,0,1764,2020/07/26 00:00:00+00,25875,3315,437,8465,2282,23,18,73,197,272,442,490,1799,11093,14779,3,188,344,1976,4384,4556,4630,3277,6506,37,0,0,0,149
-856335.869598373,7036492.39571864,2020/07/29 00:00:00+00,14,25942,0,1764,2020/07/27 00:00:00+00,25914,3317,438,8469,2291,23,18,73,197,272,442,492,1799,11113,14798,3,189,347,1983,4395,4563,4635,3280,6508,33,0,0,0,150
-856335.869598373,7036492.39571864,2020/07/30 00:00:00+00,85,26027,1,1763,2020/07/28 00:00:00+00,25928,3318,438,8471,2303,24,18,73,197,272,442,492,1799,11116,14809,3,191,348,1984,4403,4563,4635,3281,6509,29,0,0,0,151
-856335.869598373,7036492.39571864,2020/07/31 00:00:00+00,38,26065,0,1763,2020/07/29 00:00:00+00,26013,3320,438,8474,2307,24,18,73,197,273,442,492,1800,11169,14841,3,198,356,2003,4418,4572,4651,3286,6515,29,0,0,0,152
-856335.869598373,7036492.39571864,2020/08/01 00:00:00+00,45,26109,0,1763,2020/07/30 00:00:00+00,26053,3320,438,8475,2313,24,18,73,197,273,442,492,1800,11192,14858,3,198,358,2013,4431,4578,4657,3287,6517,31,0,0,0,153
-856335.869598373,7036492.39571864,2020/08/02 00:00:00+00,53,26162,0,1763,2020/07/31 00:00:00+00,26096,3322,438,8478,2318,24,18,73,198,273,443,492,1800,11212,14881,3,200,363,2019,4440,4588,4664,3289,6519,34,0,0,0,154
-856335.869598373,7036492.39571864,2020/08/03 00:00:00+00,46,26208,0,1763,2020/08/01 00:00:00+00,26149,3323,438,8483,2319,24,18,73,198,273,443,493,1800,11239,14907,3,206,369,2028,4452,4597,4668,3291,6524,30,0,0,0,155
-856335.869598373,7036492.39571864,2020/08/04 00:00:00+00,44,26253,0,1763,2020/08/02 00:00:00+00,26194,3325,438,8484,2321,24,18,73,199,273,443,493,1801,11266,14925,3,208,373,2036,4471,4602,4672,3293,6525,28,0,0,0,156
-856335.869598373,7036492.39571864,2020/08/05 00:00:00+00,48,26303,0,1763,2020/08/03 00:00:00+00,26238,3325,438,8485,2323,24,18,73,199,273,443,493,1801,11300,14935,3,209,373,2043,4488,4611,4679,3296,6525,32,0,0,0,157
-856335.869598373,7036492.39571864,2020/08/06 00:00:00+00,69,26372,5,1769,2020/08/04 00:00:00+00,26285,3326,438,8487,2326,24,18,73,199,273,444,493,1801,11329,14953,3,214,378,2054,4498,4618,4684,3298,6527,29,0,0,0,158
-856335.869598373,7036492.39571864,2020/08/07 00:00:00+00,98,26470,4,1772,2020/08/05 00:00:00+00,26355,3328,439,8488,2331,24,18,73,199,273,444,493,1803,11362,14990,3,216,382,2061,4518,4631,4701,3302,6530,36,0,0,0,159
-856335.869598373,7036492.39571864,2020/08/08 00:00:00+00,174,26644,1,1772,2020/08/06 00:00:00+00,26452,3331,440,8491,2331,24,18,73,199,274,445,493,1804,11420,15029,3,218,384,2075,4541,4656,4721,3310,6533,38,0,0,0,160
-856335.869598373,7036492.39571864,2020/08/09 00:00:00+00,68,26712,0,1772,2020/08/07 00:00:00+00,26622,3334,441,8497,2332,24,18,73,202,274,445,493,1804,11542,15077,3,222,390,2099,4589,4694,4745,3327,6542,35,0,0,0,161
-856335.869598373,7036492.39571864,2020/08/10 00:00:00+00,57,26768,0,1772,2020/08/08 00:00:00+00,26689,3334,441,8499,2336,24,18,73,202,274,445,493,1804,11578,15108,3,226,396,2110,4607,4710,4750,3332,6544,30,0,0,0,162
-856335.869598373,7036492.39571864,2020/08/11 00:00:00+00,34,26801,1,1773,2020/08/09 00:00:00+00,26746,3335,441,8502,2334,24,18,73,202,274,445,493,1805,11607,15136,3,228,400,2125,4619,4718,4759,3338,6545,30,0,0,0,163
-856335.869598373,7036492.39571864,2020/08/12 00:00:00+00,40,26838,1,1774,2020/08/10 00:00:00+00,26779,3336,441,8505,2391,24,18,73,202,274,445,493,1806,11622,15154,3,230,404,2136,4619,4724,4764,3339,6549,24,0,0,0,164
-856335.869598373,7036492.39571864,2020/08/13 00:00:00+00,92,26929,0,1774,2020/08/11 00:00:00+00,26819,3338,441,8510,2465,24,18,74,203,274,445,493,1806,11643,15173,3,231,409,2144,4626,4733,4772,3339,6551,32,0,0,0,165
-856335.869598373,7036492.39571864,2020/08/14 00:00:00+00,67,26995,0,1774,2020/08/12 00:00:00+00,26906,3340,441,8516,2474,24,18,74,204,274,445,493,1807,11682,15221,3,234,416,2168,4645,4743,4781,3348,6557,31,0,0,0,166
-856335.869598373,7036492.39571864,2020/08/15 00:00:00+00,200,27191,0,1774,2020/08/13 00:00:00+00,26973,3343,442,8519,2477,24,18,74,204,275,446,493,1808,11718,15252,3,236,420,2184,4658,4755,4791,3351,6564,33,0,0,0,167
-856335.869598373,7036492.39571864,2020/08/16 00:00:00+00,66,27257,0,1774,2020/08/14 00:00:00+00,27171,3348,444,8537,2487,24,18,74,204,276,448,493,1810,11821,15347,3,241,437,2217,4702,4790,4820,3370,6580,34,0,0,0,168
-856335.869598373,7036492.39571864,2020/08/17 00:00:00+00,56,27313,0,1774,2020/08/15 00:00:00+00,27235,3348,444,8544,2497,24,18,74,204,276,448,493,1810,11855,15377,3,244,443,2229,4714,4800,4832,3375,6584,33,0,0,0,169
-856335.869598373,7036492.39571864,2020/08/18 00:00:00+00,190,27499,1,1775,2020/08/16 00:00:00+00,27288,3348,444,8551,2496,24,18,74,204,276,448,493,1810,11883,15402,3,246,451,2241,4724,4809,4837,3380,6586,31,0,0,0,170
-856335.869598373,7036492.39571864,2020/08/19 00:00:00+00,54,27547,2,1775,2020/08/17 00:00:00+00,27472,3351,444,8565,2520,24,18,74,204,277,449,493,1811,11956,15513,3,251,465,2277,4769,4846,4867,3390,6593,32,0,0,0,171
-856335.869598373,7036492.39571864,2020/08/20 00:00:00+00,136,27676,1,1776,2020/08/18 00:00:00+00,27526,3355,445,8569,2568,24,18,74,205,277,450,494,1812,11981,15542,3,253,469,2292,4780,4850,4875,3396,6597,29,0,0,0,172
-856335.869598373,7036492.39571864,2020/08/21 00:00:00+00,80,27755,0,1776,2020/08/19 00:00:00+00,27661,3356,445,8577,2577,24,18,74,205,277,450,494,1813,12036,15622,3,257,481,2329,4810,4873,4883,3411,6603,27,0,0,0,173
-856335.869598373,7036492.39571864,2020/08/22 00:00:00+00,156,27908,2,1777,2020/08/20 00:00:00+00,27736,3357,445,8582,2570,24,18,74,205,277,450,494,1814,12074,15659,3,260,486,2347,4828,4885,4890,3421,6605,30,0,0,0,174
-856335.869598373,7036492.39571864,2020/08/23 00:00:00+00,61,27969,0,1777,2020/08/21 00:00:00+00,27886,3359,445,8596,2579,24,18,74,206,277,450,494,1815,12150,15733,3,270,496,2375,4863,4909,4910,3433,6616,32,0,0,0,175
-856335.869598373,7036492.39571864,2020/08/24 00:00:00+00,147,28116,0,1777,2020/08/22 00:00:00+00,27946,3360,445,8602,2580,24,18,74,206,277,450,494,1816,12180,15763,3,271,500,2395,4873,4916,4922,3438,6617,29,0,0,0,176
-856335.869598373,7036492.39571864,2020/08/25 00:00:00+00,92,28201,0,1777,2020/08/23 00:00:00+00,28092,3366,447,8615,2584,24,18,75,207,277,451,497,1816,12260,15829,3,274,508,2442,4901,4934,4936,3452,6631,29,0,0,0,177
-856335.869598373,7036492.39571864,2020/08/26 00:00:00+00,164,28363,0,1777,2020/08/24 00:00:00+00,28183,3368,447,8618,2633,25,18,75,207,277,452,497,1816,12313,15867,3,277,519,2463,4915,4947,4952,3458,6638,31,0,0,0,178
-856335.869598373,7036492.39571864,2020/08/27 00:00:00+00,93,28453,0,1777,2020/08/25 00:00:00+00,28345,3372,447,8627,2649,25,18,77,207,278,453,497,1816,12395,15947,3,280,528,2503,4951,4965,4982,3470,6651,32,0,0,0,179
-856335.869598373,7036492.39571864,2020/08/28 00:00:00+00,128,28579,0,1777,2020/08/26 00:00:00+00,28438,3376,447,8642,2656,25,18,78,207,278,454,497,1818,12446,15989,3,284,537,2521,4966,4984,4996,3479,6656,35,0,0,0,180
-856335.869598373,7036492.39571864,2020/08/29 00:00:00+00,141,28719,0,1777,2020/08/27 00:00:00+00,28562,3381,447,8656,2734,25,18,78,208,278,454,498,1821,12513,16046,3,285,549,2553,4993,5010,5010,3486,6660,30,0,0,0,181
-856335.869598373,7036492.39571864,2020/08/30 00:00:00+00,42,28760,0,1777,2020/08/28 00:00:00+00,28702,3387,448,8673,2741,25,18,79,210,279,455,498,1822,12586,16113,3,289,561,2579,5022,5036,5029,3498,6672,34,0,0,0,182
-856335.869598373,7036492.39571864,2020/08/31 00:00:00+00,53,28811,0,1777,2020/08/29 00:00:00+00,28742,3390,448,8676,2741,25,18,79,210,279,455,499,1824,12605,16134,3,292,563,2590,5029,5042,5035,3500,6675,31,0,0,0,183
-856335.869598373,7036492.39571864,2020/09/01 00:00:00+00,217,29025,0,1777,2020/08/30 00:00:00+00,28795,3391,448,8686,2733,25,18,80,210,279,455,499,1824,12633,16159,3,293,568,2603,5039,5053,5038,3509,6676,30,0,0,0,184
-856335.869598373,7036492.39571864,2020/09/02 00:00:00+00,89,29114,1,1777,2020/08/31 00:00:00+00,29009,3399,448,8708,2783,25,18,80,210,279,455,500,1831,12735,16271,3,300,591,2651,5079,5084,5067,3524,6697,30,0,0,0,185
-856335.869598373,7036492.39571864,2020/09/03 00:00:00+00,95,29206,0,1777,2020/09/01 00:00:00+00,29098,3405,449,8718,2810,25,18,80,210,279,456,501,1835,12776,16319,3,302,603,2677,5090,5089,5078,3532,6711,31,0,0,0,186
-856335.869598373,7036492.39571864,2020/09/04 00:00:00+00,98,29303,0,1777,2020/09/02 00:00:00+00,29191,3409,449,8730,2826,25,18,80,210,279,456,502,1838,12828,16360,3,306,613,2696,5105,5105,5087,3541,6721,33,0,0,0,187
-856335.869598373,7036492.39571864,2020/09/05 00:00:00+00,231,29534,0,1777,2020/09/03 00:00:00+00,29287,3417,450,8753,2848,26,18,81,210,279,457,503,1842,12876,16408,3,313,623,2715,5122,5116,5101,3549,6731,31,0,0,0,188
-856335.869598373,7036492.39571864,2020/09/06 00:00:00+00,138,29672,0,1777,2020/09/04 00:00:00+00,29516,3424,451,8780,2865,26,18,83,210,280,457,503,1846,12992,16521,3,319,637,2763,5172,5158,5128,3566,6756,34,0,0,0,189
-856335.869598373,7036492.39571864,2020/09/07 00:00:00+00,102,29774,0,1777,2020/09/05 00:00:00+00,29654,3426,451,8807,2878,26,18,83,210,281,458,503,1846,13051,16600,3,326,641,2794,5197,5184,5147,3576,6772,35,0,0,0,190
-856335.869598373,7036492.39571864,2020/09/08 00:00:00+00,307,30080,1,1778,2020/09/06 00:00:00+00,29754,3430,452,8818,2885,26,18,84,210,281,458,504,1848,13096,16655,3,331,650,2818,5214,5203,5158,3583,6780,31,0,0,0,191
-856335.869598373,7036492.39571864,2020/09/09 00:00:00+00,84,30164,3,1781,2020/09/07 00:00:00+00,30060,3434,453,8844,2908,26,19,84,210,281,458,504,1851,13256,16801,3,347,682,2879,5276,5254,5192,3614,6799,31,0,0,0,192
-856335.869598373,7036492.39571864,2020/09/10 00:00:00+00,196,30360,0,1781,2020/09/08 00:00:00+00,30142,3438,454,8851,2933,26,19,84,210,281,460,504,1853,13285,16854,3,356,691,2891,5291,5264,5202,3618,6812,32,0,0,0,193
-856335.869598373,7036492.39571864,2020/09/11 00:00:00+00,211,30571,1,1781,2020/09/09 00:00:00+00,30337,3445,455,8870,2954,26,19,84,210,281,462,506,1856,13389,16945,3,359,720,2915,5330,5289,5234,3633,6840,36,0,0,0,194
-856335.869598373,7036492.39571864,2020/09/12 00:00:00+00,159,30730,2,1783,2020/09/10 00:00:00+00,30544,3453,455,8896,2985,26,19,84,211,281,464,507,1860,13489,17052,3,369,733,2961,5376,5325,5256,3653,6854,32,0,0,0,195
-856335.869598373,7036492.39571864,2020/09/13 00:00:00+00,255,30985,1,1784,2020/09/11 00:00:00+00,30702,3460,457,8910,3028,27,19,84,211,281,467,508,1862,13558,17141,3,376,747,2991,5404,5348,5280,3675,6864,34,0,0,0,196
-856335.869598373,7036492.39571864,2020/09/14 00:00:00+00,208,31192,0,1784,2020/09/12 00:00:00+00,30957,3470,459,8925,3035,28,19,85,212,282,468,511,1864,13690,17264,3,386,773,3046,5451,5384,5304,3699,6897,33,0,0,0,197
-856335.869598373,7036492.39571864,2020/09/15 00:00:00+00,357,31549,3,1787,2020/09/13 00:00:00+00,31161,3476,459,8936,3035,28,19,85,212,282,468,512,1869,13786,17372,3,389,783,3111,5473,5410,5341,3725,6912,36,0,0,0,198
-856335.869598373,7036492.39571864,2020/09/16 00:00:00+00,254,31799,3,1788,2020/09/14 00:00:00+00,31511,3489,462,8961,3074,28,19,87,213,282,471,514,1874,13969,17539,3,401,818,3200,5523,5448,5391,3761,6952,32,0,0,0,199
-856335.869598373,7036492.39571864,2020/09/17 00:00:00+00,240,32023,1,1789,2020/09/15 00:00:00+00,31756,3497,465,8980,3156,28,19,88,213,283,472,515,1878,14084,17669,3,412,846,3252,5563,5474,5428,3790,6974,32,0,0,0,200
-856335.869598373,7036492.39571864,2020/09/18 00:00:00+00,253,32271,3,1792,2020/09/16 00:00:00+00,31994,3515,466,8998,3252,29,19,88,214,285,473,519,1887,14203,17788,3,427,864,3285,5606,5509,5464,3819,7003,36,0,0,0,201
-856335.869598373,7036492.39571864,2020/09/19 00:00:00+00,274,32538,0,1792,2020/09/17 00:00:00+00,32242,3527,468,9013,3433,29,19,90,214,287,474,522,1891,14343,17896,3,433,889,3345,5643,5554,5500,3834,7027,34,0,0,0,202
-856335.869598373,7036492.39571864,2020/09/20 00:00:00+00,396,32933,0,1792,2020/09/18 00:00:00+00,32512,3536,469,9038,3489,29,19,91,214,287,478,522,1895,14483,18026,3,441,909,3410,5682,5599,5535,3868,7051,35,0,0,0,203
-856335.869598373,7036492.39571864,2020/09/21 00:00:00+00,188,33121,0,1792,2020/09/19 00:00:00+00,32903,3548,473,9065,3499,29,19,92,214,290,480,522,1901,14652,18248,3,454,933,3503,5756,5669,5589,3889,7093,32,0,0,0,204
-856335.869598373,7036492.39571864,2020/09/22 00:00:00+00,334,33444,0,1792,2020/09/20 00:00:00+00,33087,3560,475,9073,3521,29,19,92,214,290,483,525,1907,14748,18336,3,458,948,3542,5804,5693,5614,3900,7111,31,0,0,0,205
-856335.869598373,7036492.39571864,2020/09/23 00:00:00+00,234,33675,2,1794,2020/09/21 00:00:00+00,33415,3569,476,9098,3595,29,19,93,214,291,485,526,1911,14902,18510,3,470,985,3624,5857,5745,5650,3929,7138,30,0,0,0,206
-856335.869598373,7036492.39571864,2020/09/24 00:00:00+00,324,33994,3,1797,2020/09/22 00:00:00+00,33642,3574,476,9117,3699,29,19,93,215,292,485,527,1913,15014,18625,3,470,999,3699,5892,5774,5678,3955,7158,31,0,0,0,207
-856335.869598373,7036492.39571864,2020/09/25 00:00:00+00,326,34315,0,1797,2020/09/23 00:00:00+00,33962,3586,478,9144,3795,29,19,94,215,292,487,530,1919,15180,18779,3,479,1020,3765,5947,5829,5731,3985,7189,37,0,0,0,208
-856335.869598373,7036492.39571864,2020/09/26 00:00:00+00,248,34560,5,1802,2020/09/24 00:00:00+00,34286,3603,480,9172,3874,29,19,94,215,295,490,535,1925,15341,18942,3,483,1042,3852,6015,5872,5772,4018,7215,30,0,0,0,209
-856335.869598373,7036492.39571864,2020/09/27 00:00:00+00,430,34990,0,1802,2020/09/25 00:00:00+00,34534,3614,482,9192,3948,30,20,95,216,295,492,536,1929,15473,19058,3,491,1063,3916,6063,5898,5805,4042,7239,30,0,0,0,210
-856335.869598373,7036492.39571864,2020/09/28 00:00:00+00,390,35377,0,1802,2020/09/26 00:00:00+00,34962,3624,483,9213,3961,30,21,96,217,295,492,538,1934,15693,19266,3,500,1097,4028,6154,5958,5854,4071,7283,31,0,0,0,211
-856335.869598373,7036492.39571864,2020/09/29 00:00:00+00,363,35740,1,1803,2020/09/27 00:00:00+00,35345,3632,483,9227,3971,30,21,96,218,296,493,539,1938,15879,19463,3,506,1122,4125,6227,6007,5916,4110,7315,33,0,0,0,212
-856335.869598373,7036492.39571864,2020/09/30 00:00:00+00,429,36155,1,1804,2020/09/28 00:00:00+00,35702,3646,484,9263,4055,31,21,97,219,298,495,542,1942,16048,19651,3,514,1138,4220,6282,6061,5969,4150,7351,36,0,0,0,213
-856335.869598373,7036492.39571864,2020/10/01 00:00:00+00,442,36597,4,1806,2020/09/29 00:00:00+00,36130,3666,486,9299,4138,31,21,98,221,300,499,544,1951,16251,19876,3,531,1164,4329,6352,6116,6029,4198,7394,34,0,0,0,214
-856335.869598373,7036492.39571864,2020/10/02 00:00:00+00,470,37063,1,1801,2020/09/30 00:00:00+00,36569,3682,487,9336,4237,31,22,99,221,301,502,544,1961,16474,20092,3,539,1186,4425,6440,6196,6085,4250,7431,35,0,0,0,215
-856335.869598373,7036492.39571864,2020/10/03 00:00:00+00,613,37668,10,1810,2020/10/01 00:00:00+00,37027,3693,488,9377,4330,31,22,101,221,302,504,545,1966,16694,20330,3,551,1220,4535,6516,6275,6160,4290,7463,34,0,0,0,216
-856335.869598373,7036492.39571864,2020/10/04 00:00:00+00,364,38032,0,1810,2020/10/02 00:00:00+00,37631,3707,488,9406,4423,32,22,102,223,303,505,549,1970,17006,20622,3,570,1261,4686,6617,6374,6237,4357,7512,33,0,0,0,217
-856335.869598373,7036492.39571864,2020/10/05 00:00:00+00,518,38549,0,1810,2020/10/03 00:00:00+00,37992,3720,489,9430,4443,33,22,103,226,305,505,551,1974,17200,20789,3,581,1280,4781,6704,6429,6277,4391,7532,31,0,0,0,218
-856335.869598373,7036492.39571864,2020/10/06 00:00:00+00,432,38973,1,1811,2020/10/04 00:00:00+00,38508,3731,491,9476,4457,33,23,103,226,308,506,553,1978,17451,21054,3,596,1322,4910,6784,6517,6352,4433,7577,34,0,0,0,219
-856335.869598373,7036492.39571864,2020/10/07 00:00:00+00,611,39584,5,1816,2020/10/05 00:00:00+00,38934,3761,496,9529,4554,33,23,104,228,309,508,566,1989,17665,21266,3,605,1351,5025,6841,6571,6415,4492,7617,35,0,0,0,220
-856335.869598373,7036492.39571864,2020/10/08 00:00:00+00,506,40086,1,1817,2020/10/06 00:00:00+00,39536,3790,499,9577,4651,34,23,107,229,310,511,573,2002,17964,21569,3,623,1390,5173,6932,6630,6486,4568,7717,36,0,0,0,221
-856335.869598373,7036492.39571864,2020/10/09 00:00:00+00,617,40703,5,1821,2020/10/07 00:00:00+00,40039,3816,503,9626,4795,34,24,107,230,311,512,579,2018,18206,21830,3,635,1415,5322,7010,6691,6556,4616,7777,33,0,0,0,222
-856335.869598373,7036492.39571864,2020/10/10 00:00:00+00,1012,41714,3,1824,2020/10/08 00:00:00+00,40652,3838,505,9673,4904,35,24,108,231,315,516,581,2027,18514,22135,3,651,1462,5510,7118,6783,6632,4665,7814,29,0,0,0,223
-856335.869598373,7036492.39571864,2020/10/11 00:00:00+00,817,42531,2,1826,2020/10/09 00:00:00+00,41651,3869,509,9739,4947,37,25,109,237,315,522,584,2039,19021,22627,3,682,1525,5803,7320,6906,6772,4751,7874,30,0,0,0,224
-856335.869598373,7036492.39571864,2020/10/12 00:00:00+00,825,43351,1,1827,2020/10/10 00:00:00+00,42449,3903,510,9777,4957,38,25,112,241,316,523,586,2060,19447,22999,3,702,1586,6014,7462,7027,6864,4828,7947,32,0,0,0,225
-856335.869598373,7036492.39571864,2020/10/13 00:00:00+00,811,44159,3,1830,2020/10/11 00:00:00+00,43265,3925,512,9826,4955,38,25,115,243,318,527,588,2069,19878,23384,3,725,1641,6233,7629,7126,6978,4901,8013,30,0,0,0,226
-856335.869598373,7036492.39571864,2020/10/14 00:00:00+00,1095,45243,5,1835,2020/10/12 00:00:00+00,44071,3949,513,9883,5022,38,25,118,247,320,529,592,2078,20291,23777,3,745,1698,6478,7773,7223,7071,4979,8085,29,0,0,0,227
-856335.869598373,7036492.39571864,2020/10/15 00:00:00+00,1205,46429,3,1838,2020/10/13 00:00:00+00,45143,3996,516,9959,5173,41,25,120,250,322,533,601,2102,20815,24324,4,770,1767,6794,7962,7370,7201,5081,8178,31,0,0,0,228
-856335.869598373,7036492.39571864,2020/10/16 00:00:00+00,1000,47427,3,1841,2020/10/14 00:00:00+00,46349,4027,523,10036,5265,41,26,121,251,323,540,607,2116,21431,24914,4,806,1858,7130,8172,7548,7362,5192,8261,32,0,0,0,229
-856335.869598373,7036492.39571864,2020/10/17 00:00:00+00,1276,48678,8,1849,2020/10/15 00:00:00+00,47343,4049,525,10096,5423,41,27,124,257,325,541,609,2123,21906,25433,4,846,1949,7394,8328,7705,7488,5292,8321,31,0,0,0,230
-856335.869598373,7036492.39571864,2020/10/18 00:00:00+00,1283,49962,3,1852,2020/10/16 00:00:00+00,48610,4081,527,10153,5568,41,29,128,257,329,542,616,2137,22545,26061,4,877,2042,7757,8532,7886,7665,5425,8406,31,0,0,0,231
-856335.869598373,7036492.39571864,2020/10/19 00:00:00+00,1031,50993,0,1852,2020/10/17 00:00:00+00,49856,4109,529,10192,5590,41,29,128,260,331,546,622,2150,23153,26699,4,922,2171,8053,8740,8058,7822,5550,8519,31,0,0,0,232
-856335.869598373,7036492.39571864,2020/10/20 00:00:00+00,1269,52256,13,1865,2020/10/18 00:00:00+00,50856,4126,532,10218,5617,41,29,128,263,332,548,624,2159,23652,27200,4,960,2281,8315,8895,8194,7947,5653,8589,30,0,0,0,233
-856335.869598373,7036492.39571864,2020/10/21 00:00:00+00,1167,53422,3,1868,2020/10/19 00:00:00+00,52105,4172,539,10266,5765,42,31,128,265,333,554,636,2181,24258,27843,4,1008,2391,8631,9054,8349,8118,5822,8710,34,0,0,0,234
-856335.869598373,7036492.39571864,2020/10/22 00:00:00+00,1066,53410,3,1871,2020/10/20 00:00:00+00,53260,4230,545,10348,5900,42,32,130,269,334,559,651,2211,24792,28464,4,1051,2495,8910,9229,8497,8278,5934,8843,33,0,0,0,235
-856335.869598373,7036492.39571864,2020/10/23 00:00:00+00,777,55261,7,1878,2020/10/21 00:00:00+00,54321,4266,546,10398,6000,42,32,132,272,338,563,657,2228,25326,28991,4,1106,2602,9138,9403,8643,8411,6027,8968,32,0,0,0,236
-856335.869598373,7036492.39571864,2020/10/24 00:00:00+00,859,56108,4,1883,2020/10/22 00:00:00+00,55076,4288,547,10431,6143,42,32,132,273,339,565,658,2245,25751,29321,4,1136,2676,9314,9510,8759,8516,6116,9026,33,0,0,0,237
-856335.869598373,7036492.39571864,2020/10/25 00:00:00+00,1025,57128,0,1882,2020/10/23 00:00:00+00,55914,4335,551,10477,6249,42,32,133,274,343,567,664,2278,26155,29755,4,1156,2765,9503,9637,8862,8635,6214,9119,34,0,0,0,238
-856335.869598373,7036492.39571864,2020/10/26 00:00:00+00,939,58067,3,1885,2020/10/24 00:00:00+00,56927,4354,553,10518,6257,42,32,136,275,344,568,667,2288,26659,30264,4,1210,2888,9744,9785,9012,8754,6322,9189,31,0,0,0,239
-856335.869598373,7036492.39571864,2020/10/27 00:00:00+00,720,58767,5,1890,2020/10/25 00:00:00+00,57857,4383,558,10549,6254,42,34,136,276,345,571,668,2309,27102,30751,4,1243,3006,9950,9920,9131,8879,6413,9292,32,0,0,0,240
-856335.869598373,7036492.39571864,2020/10/28 00:00:00+00,675,59434,6,1896,2020/10/26 00:00:00+00,58566,4394,559,10579,6291,42,34,137,276,346,572,669,2316,27447,31114,5,1273,3074,10106,10028,9228,8992,6488,9354,33,0,0,0,241
-856335.869598373,7036492.39571864,2020/10/29 00:00:00+00,866,60297,6,1902,2020/10/27 00:00:00+00,59229,4431,562,10613,6372,44,34,139,279,351,578,673,2331,27751,31473,5,1310,3143,10241,10124,9325,9093,6553,9417,34,0,0,0,242
-856335.869598373,7036492.39571864,2020/10/30 00:00:00+00,772,61059,6,1908,2020/10/28 00:00:00+00,60073,4472,566,10650,6494,45,34,141,280,357,583,676,2354,28162,31906,5,1335,3245,10406,10251,9447,9212,6634,9520,35,0,0,0,243
-856335.869598373,7036492.39571864,2020/10/31 00:00:00+00,416,61456,5,1913,2020/10/29 00:00:00+00,60827,4506,570,10691,6584,45,34,141,285,362,587,677,2373,28520,32302,5,1375,3330,10550,10353,9563,9322,6716,9595,35,0,0,0,244
-856335.869598373,7036492.39571864,2020/11/01 00:00:00+00,552,62002,2,1915,2020/10/30 00:00:00+00,61226,4524,572,10721,6678,45,35,142,286,363,588,680,2383,28696,32525,5,1388,3368,10636,10419,9617,9382,6757,9636,34,0,0,0,245
-856335.869598373,7036492.39571864,2020/11/02 00:00:00+00,767,62750,2,1917,2020/10/31 00:00:00+00,61764,4543,574,10752,6703,46,37,142,287,363,591,682,2393,28964,32793,7,1416,3454,10726,10481,9692,9460,6811,9701,35,0,0,0,246
-856335.869598373,7036492.39571864,2020/11/03 00:00:00+00,322,63048,5,1922,2020/11/01 00:00:00+00,62511,4563,577,10807,6708,47,38,144,288,366,591,686,2401,29308,33196,7,1451,3540,10871,10606,9814,9569,6870,9767,33,0,0,0,247
-856335.869598373,7036492.39571864,2020/11/04 00:00:00+00,444,63483,8,1930,2020/11/02 00:00:00+00,62822,4585,580,10839,6850,47,39,145,288,368,594,688,2414,29454,33361,7,1468,3576,10913,10657,9870,9604,6897,9812,37,0,0,0,248
-856335.869598373,7036492.39571864,2020/11/05 00:00:00+00,591,64046,3,1933,2020/11/03 00:00:00+00,63264,4621,584,10886,6945,48,39,148,288,369,597,693,2437,29660,33597,7,1494,3622,10971,10735,9929,9664,6952,9872,37,0,0,0,249
-856335.869598373,7036492.39571864,2020/11/06 00:00:00+00,449,64538,8,1940,2020/11/04 00:00:00+00,63844,4669,588,10966,7071,49,40,149,293,370,602,695,2469,29937,33900,7,1514,3664,11056,10839,10020,9756,7005,9965,38,0,0,0,250
-856335.869598373,7036492.39571864,2020/11/07 00:00:00+00,335,64855,5,1945,2020/11/05 00:00:00+00,64337,4693,591,11028,7138,49,40,149,295,372,605,698,2483,30183,34146,8,1535,3715,11148,10936,10092,9820,7040,10026,32,0,0,0,251
-856335.869598373,7036492.39571864,2020/11/08 00:00:00+00,542,65394,2,1947,2020/11/06 00:00:00+00,64668,4720,594,11067,7241,49,40,150,298,376,606,703,2496,30339,34321,8,1544,3757,11195,10985,10157,9870,7077,10058,37,0,0,0,252
-856335.869598373,7036492.39571864,2020/11/09 00:00:00+00,270,65659,1,1948,2020/11/07 00:00:00+00,65187,4755,595,11117,7266,49,40,150,301,379,610,704,2520,30611,34568,8,1566,3803,11290,11076,10237,9945,7121,10124,35,0,0,0,253
-856335.869598373,7036492.39571864,2020/11/10 00:00:00+00,270,65889,16,1963,2020/11/08 00:00:00+00,65451,4765,597,11152,7313,49,41,151,301,381,610,706,2524,30752,34691,8,1571,3842,11348,11113,10280,9980,7146,10146,34,0,0,0,254
-856335.869598373,7036492.39571864,2020/11/11 00:00:00+00,362,66247,2,1965,2020/11/09 00:00:00+00,65718,4811,602,11208,7412,50,41,153,303,384,614,710,2554,30874,34836,8,1581,3858,11393,11152,10321,10017,7167,10204,41,0,0,0,255
-856335.869598373,7036492.39571864,2020/11/12 00:00:00+00,395,66632,1,1965,2020/11/10 00:00:00+00,66077,4846,602,11283,7748,51,41,153,303,385,617,713,2581,31059,35010,8,1594,3887,11456,11201,10366,10089,7202,10257,41,0,0,0,256
-856335.869598373,7036492.39571864,2020/11/13 00:00:00+00,482,67099,7,1972,2020/11/11 00:00:00+00,66468,4891,606,11328,7955,51,43,155,305,385,624,717,2609,31256,35204,8,1609,3922,11543,11259,10425,10136,7233,10316,34,0,0,0,257
-856335.869598373,7036492.39571864,2020/11/14 00:00:00+00,456,67526,6,1978,2020/11/12 00:00:00+00,66945,4912,609,11398,8110,51,43,155,306,387,627,719,2622,31490,35447,8,1642,3967,11619,11339,10484,10203,7282,10384,35,0,0,0,258
-856335.869598373,7036492.39571864,2020/11/15 00:00:00+00,378,67903,1,1979,2020/11/13 00:00:00+00,67400,4933,610,11446,8235,51,44,156,306,389,629,721,2635,31700,35692,8,1659,4025,11705,11417,10560,10257,7328,10424,33,0,0,0,259
-856335.869598373,7036492.39571864,2020/11/16 00:00:00+00,456,68356,5,1984,2020/11/14 00:00:00+00,67770,4959,613,11495,8311,51,44,158,307,391,631,725,2650,31884,35878,8,1669,4065,11757,11479,10629,10307,7364,10475,38,0,0,0,260
-856335.869598373,7036492.39571864,2020/11/17 00:00:00+00,366,68686,11,1995,2020/11/15 00:00:00+00,68220,4977,614,11574,8398,51,44,159,307,392,633,726,2663,32080,36132,8,1698,4105,11847,11554,10705,10374,7396,10516,33,0,0,0,261
-856335.869598373,7036492.39571864,2020/11/18 00:00:00+00,379,69058,12,2006,2020/11/16 00:00:00+00,68580,5013,616,11653,8461,52,44,161,309,395,637,733,2680,32245,36327,8,1718,4142,11901,11606,10761,10431,7429,10567,38,0,0,0,262
-856335.869598373,7036492.39571864,2020/11/19 00:00:00+00,429,69473,4,2010,2020/11/17 00:00:00+00,68961,5041,617,11715,8530,52,44,164,313,396,641,734,2695,32420,36533,8,1732,4187,11971,11664,10822,10495,7465,10600,36,0,0,0,263
-856335.869598373,7036492.39571864,2020/11/20 00:00:00+00,330,69802,8,2018,2020/11/18 00:00:00+00,69380,5082,619,11768,8708,53,44,169,315,398,648,736,2717,32610,36761,9,1749,4219,12067,11733,10897,10544,7496,10650,34,0,0,0,264
-856335.869598373,7036492.39571864,2020/11/21 00:00:00+00,344,70143,4,2022,2020/11/19 00:00:00+00,69710,5114,621,11807,8873,53,45,169,316,402,649,739,2739,32784,36917,9,1757,4263,12122,11782,10953,10585,7524,10698,37,0,0,0,265
-856335.869598373,7036492.39571864,2020/11/22 00:00:00+00,318,70461,1,2023,2020/11/20 00:00:00+00,70044,5127,621,11847,9043,53,45,169,318,403,650,740,2747,32933,37102,9,1772,4306,12193,11836,11004,10632,7544,10731,32,0,0,0,266
-856335.869598373,7036492.39571864,2020/11/23 00:00:00+00,252,70711,0,2022,2020/11/21 00:00:00+00,70350,5140,621,11865,9062,53,45,170,318,405,651,742,2754,33084,37257,9,1784,4346,12286,11877,11043,10661,7572,10755,28,0,0,0,267
-856335.869598373,7036492.39571864,2020/11/24 00:00:00+00,226,70930,6,2028,2020/11/22 00:00:00+00,70599,5148,622,11882,9096,53,45,170,318,406,651,744,2759,33207,37383,9,1795,4377,12338,11908,11079,10700,7592,10784,34,0,0,0,268
-856335.869598373,7036492.39571864,2020/11/25 00:00:00+00,269,71187,6,2033,2020/11/23 00:00:00+00,70825,5187,626,11917,9134,53,45,170,318,408,654,748,2789,33323,37492,10,1798,4393,12379,11942,11111,10729,7616,10831,41,0,0,0,269
-856335.869598373,7036492.39571864,2020/11/26 00:00:00+00,335,71494,3,2036,2020/11/24 00:00:00+00,71081,5209,628,11945,9197,53,45,170,320,409,654,751,2805,33440,37631,10,1803,4432,12426,11976,11150,10761,7643,10864,35,0,0,0,270
-856335.869598373,7036492.39571864,2020/11/27 00:00:00+00,206,71699,7,2043,2020/11/25 00:00:00+00,71413,5227,629,11982,9345,53,45,171,321,409,656,754,2816,33601,37802,10,1816,4467,12489,12030,11195,10817,7671,10901,35,0,0,0,271
-856335.869598373,7036492.39571864,2020/11/28 00:00:00+00,243,71942,7,2050,2020/11/26 00:00:00+00,71614,5236,632,12011,9378,53,45,172,321,411,657,755,2820,33699,37905,10,1828,4492,12535,12051,11226,10850,7686,10919,34,0,0,0,272
-856335.869598373,7036492.39571864,2020/11/29 00:00:00+00,299,72241,2,2052,2020/11/27 00:00:00+00,71851,5253,632,12024,9393,53,45,173,323,412,660,757,2828,33834,38006,11,1845,4518,12584,12085,11269,10874,7699,10950,32,0,0,0,273
-856335.869598373,7036492.39571864,2020/11/30 00:00:00+00,306,72544,1,2053,2020/11/28 00:00:00+00,72147,5277,633,12069,9400,53,46,174,327,415,661,758,2841,33990,38146,11,1861,4559,12627,12134,11320,10909,7727,10983,34,0,0,0,274
-856335.869598373,7036492.39571864,2020/12/01 00:00:00+00,269,72798,18,2069,2020/11/29 00:00:00+00,72449,5285,633,12110,9411,53,46,174,327,415,662,759,2847,34145,38293,11,1870,4592,12679,12186,11375,10952,7751,11017,35,0,0,0,275
-856335.869598373,7036492.39571864,2020/12/02 00:00:00+00,270,73066,5,2074,2020/11/30 00:00:00+00,72718,5305,633,12151,9538,53,46,174,330,416,667,760,2857,34278,38429,11,1884,4620,12733,12219,11421,10991,7772,11051,35,0,0,0,276
-856335.869598373,7036492.39571864,2020/12/03 00:00:00+00,183,73228,6,2080,2020/12/01 00:00:00+00,72985,5335,638,12193,9606,53,46,175,331,418,671,764,2875,34416,38558,11,1894,4654,12778,12252,11469,11025,7798,11088,37,0,0,0,277
-856335.869598373,7036492.39571864,2020/12/04 00:00:00+00,265,73491,6,2086,2020/12/02 00:00:00+00,73166,5357,641,12216,9640,53,46,175,333,419,673,770,2886,34497,38658,11,1900,4675,12808,12283,11491,11048,7819,11115,36,0,0,0,278
-856335.869598373,7036492.39571864,2020/12/05 00:00:00+00,456,73948,13,2099,2020/12/03 00:00:00+00,73430,5365,643,12249,9700,54,46,175,334,419,675,771,2889,34631,38788,11,1911,4719,12847,12330,11527,11086,7840,11143,33,0,0,0,279
-856335.869598373,7036492.39571864,2020/12/06 00:00:00+00,301,74246,0,2099,2020/12/04 00:00:00+00,73875,5403,644,12322,9722,54,46,175,337,420,679,775,2915,34848,39016,11,1927,4767,12903,12412,11588,11146,7887,11218,38,0,0,0,280
-856335.869598373,7036492.39571864,2020/12/07 00:00:00+00,242,74468,0,2099,2020/12/05 00:00:00+00,74173,5415,645,12348,9746,54,47,176,337,420,679,775,2925,34981,39181,11,1956,4819,12937,12456,11621,11185,7909,11263,32,0,0,0,281
-856335.869598373,7036492.39571864,2020/12/08 00:00:00+00,215,74682,1,2097,2020/12/06 00:00:00+00,74414,5426,646,12386,9824,54,47,176,337,422,679,777,2932,35093,39310,11,1970,4851,12965,12490,11664,11218,7932,11297,37,0,0,0,282
-856335.869598373,7036492.39571864,2020/12/09 00:00:00+00,227,74900,5,2102,2020/12/07 00:00:00+00,74626,5445,648,12414,9878,54,47,178,339,422,679,781,2943,35187,39428,11,1976,4877,12993,12527,11696,11253,7958,11319,36,0,0,0,283
-856335.869598373,7036492.39571864,2020/12/10 00:00:00+00,310,75203,15,2117,2020/12/08 00:00:00+00,74846,5461,651,12445,9983,54,48,179,339,423,679,783,2954,35282,39553,11,1985,4902,13028,12560,11734,11286,7977,11347,37,0,0,0,284
-856335.869598373,7036492.39571864,2020/12/11 00:00:00+00,313,75507,3,2120,2020/12/09 00:00:00+00,75155,5480,653,12484,10048,55,48,180,341,424,681,789,2960,35444,39700,11,1996,4943,13067,12608,11781,11331,8025,11377,39,0,0,0,285
-856335.869598373,7036492.39571864,2020/12/12 00:00:00+00,247,75756,3,2123,2020/12/10 00:00:00+00,75467,5500,653,12525,10090,55,48,183,342,425,685,789,2971,35588,39868,11,2010,4972,13122,12666,11835,11384,8047,11404,34,0,0,0,286
-856335.869598373,7036492.39571864,2020/12/13 00:00:00+00,429,76185,1,2124,2020/12/11 00:00:00+00,75710,5513,654,12556,10117,55,48,184,343,425,687,791,2978,35711,39988,11,2020,5003,13156,12715,11873,11424,8066,11426,33,0,0,0,287
-856335.869598373,7036492.39571864,2020/12/14 00:00:00+00,264,76449,2,2126,2020/12/12 00:00:00+00,76136,5531,656,12610,10150,55,48,184,345,426,693,796,2982,35907,40218,11,2038,5061,13230,12788,11932,11492,8099,11469,34,0,0,0,288
-856335.869598373,7036492.39571864,2020/12/15 00:00:00+00,329,76776,8,2134,2020/12/13 00:00:00+00,76399,5540,658,12620,10180,55,48,185,345,428,694,797,2986,36036,40352,11,2040,5100,13275,12826,11980,11524,8120,11507,36,0,0,0,289
-856335.869598373,7036492.39571864,2020/12/16 00:00:00+00,431,77197,6,2140,2020/12/14 00:00:00+00,76728,5574,659,12652,10207,55,48,186,348,433,695,804,3003,36198,40519,11,2045,5138,13337,12872,12039,11563,8159,11548,37,0,0,0,290
-856335.869598373,7036492.39571864,2020/12/17 00:00:00+00,484,77678,3,2143,2020/12/15 00:00:00+00,77156,5593,662,12711,10245,55,48,187,348,435,695,807,3016,36380,40765,11,2063,5196,13400,12938,12118,11628,8207,11579,35,0,0,0,291
-856335.869598373,7036492.39571864,2020/12/18 00:00:00+00,582,78254,6,2149,2020/12/16 00:00:00+00,77638,5633,668,12771,10288,55,50,188,351,436,699,813,3039,36625,41002,11,2081,5234,13473,13026,12186,11707,8270,11634,37,0,0,0,292
-856335.869598373,7036492.39571864,2020/12/19 00:00:00+00,527,78776,5,2154,2020/12/17 00:00:00+00,78217,5653,670,12835,10339,55,50,190,353,436,701,815,3051,36936,41270,11,2100,5280,13545,13153,12270,11779,8348,11715,38,0,0,0,293
-856335.869598373,7036492.39571864,2020/12/20 00:00:00+00,764,79542,4,2158,2020/12/18 00:00:00+00,78744,5672,672,12880,10391,55,51,191,354,436,707,818,3058,37206,41527,11,2123,5339,13616,13250,12365,11862,8406,11756,36,0,0,0,294
-856335.869598373,7036492.39571864,2020/12/21 00:00:00+00,727,80267,0,2158,2020/12/19 00:00:00+00,79504,5702,678,12935,10397,56,53,193,355,439,708,824,3072,37610,41883,11,2155,5410,13776,13368,12498,11964,8482,11824,34,0,0,0,295
-856335.869598373,7036492.39571864,2020/12/22 00:00:00+00,970,81228,13,2171,2020/12/20 00:00:00+00,80230,5740,679,13021,10412,56,53,197,356,442,712,827,3095,37968,42251,11,2188,5479,13874,13502,12612,12071,8564,11913,36,0,0,0,296
-856335.869598373,7036492.39571864,2020/12/23 00:00:00+00,938,82155,13,2184,2020/12/21 00:00:00+00,81196,5781,680,13132,10471,56,53,199,357,446,716,833,3119,38437,42748,11,2237,5569,14023,13663,12784,12211,8666,12016,37,0,0,0,297
-856335.869598373,7036492.39571864,2020/12/24 00:00:00+00,922,83073,8,2192,2020/12/22 00:00:00+00,82131,5810,683,13226,10509,56,53,201,358,449,718,836,3137,38853,43267,11,2267,5638,14213,13820,12946,12341,8772,12107,36,0,0,0,298
-856335.869598373,7036492.39571864,2020/12/25 00:00:00+00,1025,84098,2,2194,2020/12/23 00:00:00+00,83050,5846,690,13318,10557,56,54,204,362,452,723,841,3152,39294,43745,11,2305,5709,14405,13996,13090,12471,8862,12185,33,0,0,0,299
-856335.869598373,7036492.39571864,2020/12/26 00:00:00+00,1296,85394,6,2200,2020/12/24 00:00:00+00,84067,5889,696,13401,10599,56,56,206,365,456,726,847,3175,39804,44252,11,2343,5787,14600,14189,13268,12603,8967,12283,35,0,0,0,300
-856335.869598373,7036492.39571864,2020/12/27 00:00:00+00,744,86129,4,2204,2020/12/25 00:00:00+00,85359,5929,703,13466,10599,57,57,208,369,460,729,854,3193,40467,44880,12,2378,5885,14890,14449,13436,12779,9122,12393,33,0,0,0,301
-856335.869598373,7036492.39571864,2020/12/28 00:00:00+00,765,86894,1,2205,2020/12/26 00:00:00+00,86101,5968,705,13529,10610,57,57,209,374,462,733,856,3218,40854,45235,12,2395,5926,15031,14622,13542,12877,9200,12481,34,0,0,0,302
-856335.869598373,7036492.39571864,2020/12/29 00:00:00+00,1546,88439,9,2213,2020/12/27 00:00:00+00,86863,5993,707,13567,10615,58,58,211,376,462,735,857,3234,41255,45595,13,2429,5970,15186,14790,13671,12965,9277,12548,33,0,0,0,303
-856335.869598373,7036492.39571864,2020/12/30 00:00:00+00,1720,90159,13,2226,2020/12/28 00:00:00+00,88408,6044,713,13686,10623,59,60,211,378,466,741,862,3265,42013,46382,13,2468,6083,15503,15115,13890,13172,9444,12706,34,0,0,0,304
-856335.869598373,7036492.39571864,2020/12/31 00:00:00+00,1620,91779,12,2237,2020/12/29 00:00:00+00,90130,6120,718,13798,10648,60,62,214,386,469,748,875,3304,42870,47247,13,2507,6172,15900,15457,14159,13416,9634,12858,34,0,0,0,305
-856335.869598373,7036492.39571864,2021/01/01 00:00:00+00,1754,93532,11,2248,2020/12/30 00:00:00+00,91736,6190,729,13942,10695,60,62,217,394,474,753,883,3345,43663,48058,15,2539,6248,16272,15808,14377,13641,9811,13013,34,0,0,0,306
-856335.869598373,7036492.39571864,2021/01/02 00:00:00+00,3394,96926,4,2252,2020/12/31 00:00:00+00,93486,6276,735,14087,10736,60,64,227,400,483,765,894,3381,44510,48961,15,2574,6337,16654,16175,14628,13877,10017,13197,35,0,0,0,307
-856335.869598373,7036492.39571864,2021/01/03 00:00:00+00,4962,101887,7,2259,2021/01/01 00:00:00+00,96868,6362,745,14395,10760,62,65,231,403,491,777,904,3427,46130,50722,16,2676,6525,17434,16785,15153,14359,10392,13517,35,0,0,0,308
-856335.869598373,7036492.39571864,2021/01/04 00:00:00+00,6110,107997,6,2265,2021/01/02 00:00:00+00,101823,6482,761,14721,10762,64,66,232,405,502,800,927,3484,48543,53264,16,2786,6812,18433,17777,15904,15100,10995,13988,36,0,0,0,309
-856335.869598373,7036492.39571864,2021/01/05 00:00:00+00,5325,113322,17,2282,2021/01/03 00:00:00+00,107924,6667,780,15176,10770,68,67,240,418,522,821,956,3573,51451,56456,17,2924,7154,19571,19060,16847,15977,11811,14552,36,0,0,0,310
-856335.869598373,7036492.39571864,2021/01/06 00:00:00+00,7836,121154,17,2299,2021/01/04 00:00:00+00,113230,6794,794,15450,10814,69,67,247,427,533,834,972,3643,53995,59217,18,3043,7474,20620,20111,17673,16747,12480,15054,36,0,0,0,311
-856335.869598373,7036492.39571864,2021/01/07 00:00:00+00,6521,127657,10,2307,2021/01/05 00:00:00+00,121029,6994,824,15994,10858,71,67,252,444,546,857,1003,3752,57731,63279,19,3192,7876,22135,21719,18931,17908,13452,15788,36,0,0,0,312
-856335.869598373,7036492.39571864,2021/01/08 00:00:00+00,8248,135884,20,2327,2021/01/06 00:00:00+00,127534,7226,845,16515,10912,76,71,266,459,560,883,1034,3875,60799,66716,19,3323,8184,23360,23015,20032,18898,14284,16410,37,0,0,0,313
-856335.869598373,7036492.39571864,2021/01/09 00:00:00+00,4842,140727,9,2336,2021/01/07 00:00:00+00,135773,7512,881,17221,10963,80,71,277,482,585,909,1083,4023,64650,71104,19,3463,8560,24912,24631,21418,20189,15315,17256,38,0,0,0,314
-856335.869598373,7036492.39571864,2021/01/10 00:00:00+00,6888,147613,8,2344,2021/01/08 00:00:00+00,140609,7679,902,17591,10984,83,71,280,488,592,927,1110,4126,66955,73635,19,3545,8792,25851,25547,22187,20906,15951,17800,38,0,0,0,315
-856335.869598373,7036492.39571864,2021/01/11 00:00:00+00,4929,152539,8,2352,2021/01/09 00:00:00+00,147440,7933,934,18279,10988,85,72,289,498,612,951,1145,4279,70204,77217,19,3669,9094,27126,26839,23310,22013,16795,18564,38,0,0,0,316
-856335.869598373,7036492.39571864,2021/01/12 00:00:00+00,3086,155591,46,2397,2021/01/10 00:00:00+00,152331,8107,953,18772,10989,87,73,292,505,620,967,1168,4393,72454,79858,19,3771,9348,28016,27689,24090,22770,17400,19217,39,0,0,0,317
-856335.869598373,7036492.39571864,2021/01/13 00:00:00+00,3569,159144,63,2460,2021/01/11 00:00:00+00,155402,8386,978,19225,11081,89,74,300,521,633,988,1202,4577,73873,81507,22,3828,9457,28471,28230,24592,23202,17814,19778,42,0,0,0,318
-856335.869598373,7036492.39571864,2021/01/14 00:00:00+00,3955,163057,28,2488,2021/01/12 00:00:00+00,158961,8629,997,19695,11170,89,77,306,534,648,1011,1238,4724,75495,83444,22,3887,9612,28973,28849,25172,23853,18291,20294,42,0,0,0,319
-856335.869598373,7036492.39571864,2021/01/15 00:00:00+00,3498,166548,50,2536,2021/01/13 00:00:00+00,162907,8875,1019,20204,11204,91,79,310,554,660,1037,1276,4866,77322,85563,22,3961,9779,29534,29499,25845,24521,18819,20919,42,0,0,0,320
-856335.869598373,7036492.39571864,2021/01/16 00:00:00+00,3231,169780,60,2595,2021/01/14 00:00:00+00,166398,9141,1037,20723,11263,94,83,323,563,683,1068,1312,5013,78904,87471,23,4025,9926,30031,30078,26444,25109,19264,21491,42,0,0,0,321
-856335.869598373,7036492.39571864,2021/01/17 00:00:00+00,2944,172726,13,2608,2021/01/15 00:00:00+00,169619,9354,1052,21210,11275,96,84,331,572,694,1095,1338,5142,80397,89196,26,4101,10075,30466,30632,26983,25675,19662,21995,42,0,0,0,322
-856335.869598373,7036492.39571864,2021/01/18 00:00:00+00,2121,174843,8,2616,2021/01/16 00:00:00+00,172556,9475,1068,21652,11296,96,85,336,574,705,1105,1358,5214,81747,90783,26,4175,10237,30926,31139,27472,26148,20031,22390,40,0,0,0,323
-856335.869598373,7036492.39571864,2021/01/19 00:00:00+00,2001,176839,93,2708,2021/01/17 00:00:00+00,174667,9561,1081,21978,11368,97,85,341,578,713,1116,1370,5259,82742,91898,27,4214,10326,31271,31519,27858,26471,20280,22690,39,0,0,0,324
-856335.869598373,7036492.39571864,2021/01/20 00:00:00+00,2488,179324,61,2768,2021/01/18 00:00:00+00,176656,9757,1102,22353,11415,99,86,347,587,728,1130,1399,5379,83627,93000,29,4259,10423,31552,31865,28186,26785,20512,23035,42,0,0,0,325
-856335.869598373,7036492.39571864,2021/01/21 00:00:00+00,2608,181922,51,2818,2021/01/19 00:00:00+00,179129,9919,1114,22829,11461,99,86,357,591,739,1144,1419,5482,84720,94380,29,4302,10514,31861,32257,28634,27246,20818,23458,43,0,0,0,326
-856335.869598373,7036492.39571864,2021/01/22 00:00:00+00,2371,184279,52,2870,2021/01/20 00:00:00+00,181727,10069,1125,23284,11488,101,88,359,603,748,1158,1441,5569,85970,95728,29,4359,10619,32195,32722,29092,27718,21145,23837,42,0,0,0,327
-856335.869598373,7036492.39571864,2021/01/23 00:00:00+00,1910,186184,77,2947,2021/01/21 00:00:00+00,184093,10225,1139,23614,11518,104,88,366,609,759,1170,1460,5667,87117,96942,34,4418,10744,32532,33156,29481,28067,21435,24220,40,0,0,0,328
-856335.869598373,7036492.39571864,2021/01/24 00:00:00+00,1378,187554,23,2970,2021/01/22 00:00:00+00,185996,10338,1149,23885,11539,104,89,368,617,766,1179,1473,5740,88000,97960,36,4470,10834,32800,33512,29820,28363,21639,24518,40,0,0,0,329
-856335.869598373,7036492.39571864,2021/01/25 00:00:00+00,1372,188923,7,2978,2021/01/23 00:00:00+00,187367,10407,1157,24073,11561,104,89,368,623,769,1186,1482,5784,88641,98690,36,4497,10913,33003,33770,30053,28573,21809,24709,39,0,0,0,330
-856335.869598373,7036492.39571864,2021/01/26 00:00:00+00,928,189851,90,3066,2021/01/24 00:00:00+00,188734,10495,1163,24322,11600,105,90,372,630,773,1193,1497,5833,89256,99440,38,4547,10978,33180,34010,30285,28786,21966,24942,41,0,0,0,331
-856335.869598373,7036492.39571864,2021/01/27 00:00:00+00,1335,191182,54,3120,2021/01/25 00:00:00+00,189652,10613,1170,24508,11627,106,90,377,633,779,1201,1507,5918,89672,99941,39,4570,11022,33300,34152,30418,28928,22067,25155,44,0,0,0,332
-856335.869598373,7036492.39571864,2021/01/28 00:00:00+00,1466,192645,47,3167,2021/01/26 00:00:00+00,190982,10719,1182,24732,11645,107,92,381,642,786,1209,1519,5981,90290,100653,39,4617,11087,33484,34357,30642,29136,22209,25410,43,0,0,0,333
-856335.869598373,7036492.39571864,2021/01/29 00:00:00+00,1254,193892,48,3214,2021/01/27 00:00:00+00,192441,10829,1188,24920,11667,109,93,384,654,794,1221,1528,6044,90981,101418,42,4654,11176,33702,34570,30892,29359,22360,25688,41,0,0,0,334
-856335.869598373,7036492.39571864,2021/01/30 00:00:00+00,1414,195303,79,3292,2021/01/28 00:00:00+00,193684,10927,1192,25107,11723,109,94,386,657,797,1234,1538,6110,91572,102069,43,4686,11239,33881,34782,31075,29556,22515,25910,42,0,0,0,335
-856335.869598373,7036492.39571864,2021/01/31 00:00:00+00,1247,196547,15,3307,2021/01/29 00:00:00+00,195046,11016,1202,25307,11727,113,96,390,665,806,1241,1553,6150,92215,102788,43,4735,11328,34068,35029,31314,29772,22657,26103,38,0,0,0,336
-856335.869598373,7036492.39571864,2021/02/01 00:00:00+00,1062,197553,10,3317,2021/01/30 00:00:00+00,196291,11102,1208,25496,11739,113,96,391,672,813,1249,1563,6203,92796,103451,44,4776,11394,34273,35227,31548,29943,22788,26302,39,0,0,0,337
-856335.869598373,7036492.39571864,2021/02/02 00:00:00+00,879,198424,101,3418,2021/01/31 00:00:00+00,197349,11159,1215,25658,11802,113,96,391,676,816,1257,1573,6235,93306,103998,45,4800,11446,34427,35410,31739,30103,22904,26480,41,0,0,0,338
-856335.869598373,7036492.39571864,2021/02/03 00:00:00+00,1013,199430,94,3512,2021/02/01 00:00:00+00,198223,11249,1220,25806,11822,113,96,396,684,824,1262,1585,6287,93723,104454,46,4823,11498,34559,35534,31897,30235,22996,26641,41,0,0,0,339
-856335.869598373,7036492.39571864,2021/02/04 00:00:00+00,1318,200744,75,3586,2021/02/02 00:00:00+00,199230,11340,1229,25946,11847,113,96,401,693,830,1276,1594,6335,94188,104995,47,4858,11567,34699,35689,32061,30395,23103,26818,41,0,0,0,340
-856335.869598373,7036492.39571864,2021/02/05 00:00:00+00,1047,201763,35,3621,2021/02/03 00:00:00+00,200543,11450,1233,26083,11872,114,97,403,704,835,1288,1610,6396,94815,105680,48,4892,11656,34920,35897,32271,30588,23260,27018,40,0,0,0,341
-856335.869598373,7036492.39571864,2021/02/06 00:00:00+00,827,202548,55,3674,2021/02/04 00:00:00+00,201585,11551,1237,26206,11900,115,97,408,708,845,1298,1627,6450,95321,106216,48,4926,11740,35083,36070,32420,30752,23381,27172,38,0,0,0,342
-856335.869598373,7036492.39571864,2021/02/07 00:00:00+00,1024,203568,12,3686,2021/02/05 00:00:00+00,202413,11615,1244,26282,11922,116,98,411,709,848,1305,1634,6491,95733,106632,48,4962,11814,35198,36190,32599,30881,23448,27280,38,0,0,0,343
-856335.869598373,7036492.39571864,2021/02/08 00:00:00+00,829,204397,6,3687,2021/02/06 00:00:00+00,203436,11674,1252,26367,11922,117,98,413,712,856,1312,1642,6521,96222,107166,48,4991,11914,35407,36358,32757,31027,23547,27394,35,0,0,0,344
-856335.869598373,7036492.39571864,2021/02/09 00:00:00+00,556,204940,68,3752,2021/02/07 00:00:00+00,204262,11734,1258,26450,11930,118,98,417,718,856,1318,1649,6557,96620,107593,49,5049,12000,35547,36484,32874,31147,23612,27508,35,0,0,0,345
-856335.869598373,7036492.39571864,2021/02/10 00:00:00+00,1006,205939,54,3794,2021/02/08 00:00:00+00,204815,11806,1265,26519,11955,118,101,420,721,867,1323,1657,6596,96904,107860,51,5071,12050,35636,36560,32971,31238,23660,27588,39,0,0,0,346
-856335.869598373,7036492.39571864,2021/02/11 00:00:00+00,867,206801,52,3846,2021/02/09 00:00:00+00,205819,11887,1278,26593,11990,121,105,423,724,873,1336,1670,6632,97383,108385,51,5131,12157,35793,36735,33123,31369,23774,27696,35,0,0,0,347
-856335.869598373,7036492.39571864,2021/02/12 00:00:00+00,921,207720,23,3865,2021/02/10 00:00:00+00,206681,11944,1286,26652,12034,123,106,427,728,879,1343,1678,6657,97781,108847,53,5170,12242,35939,36884,33268,31484,23859,27793,35,0,0,0,348
-856335.869598373,7036492.39571864,2021/02/13 00:00:00+00,1078,208796,66,3931,2021/02/11 00:00:00+00,207603,12018,1292,26721,12071,124,107,434,735,888,1348,1689,6690,98237,109313,53,5214,12331,36096,37058,33412,31594,23954,27902,34,0,0,0,349
-856335.869598373,7036492.39571864,2021/02/14 00:00:00+00,788,209582,17,3948,2021/02/12 00:00:00+00,208678,12080,1297,26813,12112,126,107,437,744,891,1354,1696,6722,98759,109862,57,5262,12447,36349,37234,33571,31722,24050,28001,32,0,0,0,350
-856335.869598373,7036492.39571864,2021/02/15 00:00:00+00,821,210402,0,3948,2021/02/13 00:00:00+00,209464,12114,1299,26857,12115,126,108,438,745,895,1356,1701,6742,99173,110234,57,5317,12543,36513,37363,33683,31826,24107,28070,31,0,0,0,351
-856335.869598373,7036492.39571864,2021/02/16 00:00:00+00,744,211113,33,3980,2021/02/14 00:00:00+00,210282,12155,1305,26904,12115,128,108,440,748,898,1363,1705,6762,99601,110623,58,5364,12633,36698,37488,33805,31930,24176,28146,31,0,0,0,352
-856335.869598373,7036492.39571864,2021/02/17 00:00:00+00,650,211751,57,4036,2021/02/15 00:00:00+00,211024,12226,1309,26949,12177,130,108,443,753,900,1374,1715,6800,99975,110988,61,5403,12721,36869,37605,33897,32012,24237,28238,30,0,0,0,353
-856335.869598373,7036492.39571864,2021/02/18 00:00:00+00,901,212647,47,4082,2021/02/16 00:00:00+00,211670,12287,1315,26988,12217,130,108,445,761,904,1383,1721,6832,100301,111308,61,5430,12767,37010,37695,34007,32111,24293,28315,37,0,0,0,354
-856335.869598373,7036492.39571864,2021/02/19 00:00:00+00,763,213400,28,4109,2021/02/17 00:00:00+00,212569,12361,1322,27046,12237,130,108,448,767,911,1389,1735,6870,100775,111730,64,5468,12839,37174,37856,34162,32224,24379,28425,36,0,0,0,355
-856335.869598373,7036492.39571864,2021/02/20 00:00:00+00,988,214378,26,4135,2021/02/18 00:00:00+00,213331,12413,1326,27096,12267,132,109,454,771,915,1390,1742,6897,101149,112117,65,5511,12909,37358,37985,34281,32304,24439,28502,30,0,0,0,356
-856335.869598373,7036492.39571864,2021/02/21 00:00:00+00,679,215057,1,4136,2021/02/19 00:00:00+00,214314,12473,1331,27150,12267,133,110,459,773,926,1395,1751,6923,101634,112613,67,5578,13006,37577,38124,34443,32411,24524,28609,32,0,0,0,357
-856335.869598373,7036492.39571864,2021/02/22 00:00:00+00,686,215743,1,4137,2021/02/20 00:00:00+00,214991,12505,1331,27195,12296,134,110,462,775,930,1398,1758,6935,101969,112955,67,5621,13082,37726,38232,34548,32478,24591,28671,32,0,0,0,358
-856335.869598373,7036492.39571864,2021/02/23 00:00:00+00,575,216300,45,4181,2021/02/21 00:00:00+00,215674,12540,1335,27253,12317,137,111,464,779,935,1406,1762,6943,102296,113311,67,5666,13157,37849,38339,34645,32586,24666,28724,34,0,0,0,359
-856335.869598373,7036492.39571864,2021/02/24 00:00:00+00,574,216870,56,4237,2021/02/22 00:00:00+00,216249,12590,1337,27294,12392,137,111,465,784,940,1411,1765,6974,102572,113610,67,5701,13228,37967,38418,34732,32648,24718,28795,32,0,0,0,360
-856335.869598373,7036492.39571864,2021/02/25 00:00:00+00,613,217478,35,4271,2021/02/23 00:00:00+00,216823,12625,1340,27333,12462,138,111,471,786,944,1418,1768,6986,102858,113898,67,5732,13276,38089,38506,34830,32725,24767,28856,34,0,0,0,361
-856335.869598373,7036492.39571864,2021/02/26 00:00:00+00,776,218251,29,4300,2021/02/24 00:00:00+00,217433,12653,1343,27377,12524,138,111,473,788,945,1424,1774,6996,103164,114202,67,5760,13321,38222,38607,34926,32806,24823,28925,34,0,0,0,362
-856335.869598373,7036492.39571864,2021/02/27 00:00:00+00,738,218980,13,4316,2021/02/25 00:00:00+00,218207,12696,1348,27415,12580,138,111,478,790,951,1432,1774,7018,103560,114580,67,5803,13398,38370,38733,35049,32937,24865,29009,34,0,0,0,363
-856335.869598373,7036492.39571864,2021/02/28 00:00:00+00,612,219952,6,4319,2021/02/26 00:00:00+00,218939,12725,1351,27452,12643,139,112,479,791,955,1433,1779,7033,103910,114959,70,5871,13481,38499,38866,35158,33019,24932,29070,31,0,0,0,364
-856335.869598373,7036492.39571864,2021/03/01 00:00:00+00,687,220273,1,4319,2021/02/27 00:00:00+00,219541,12754,1357,27487,12661,141,113,479,793,957,1440,1783,7044,104204,115266,71,5906,13546,38622,38976,35261,33099,24982,29106,32,0,0,0,365
-856335.869598373,7036492.39571864,2021/03/02 00:00:00+00,369,220630,14,4333,2021/02/28 00:00:00+00,220226,12775,1360,27520,12670,142,114,480,795,957,1442,1785,7056,104555,115599,72,5956,13638,38766,39093,35343,33185,25040,29162,30,0,0,0,366
-856335.869598373,7036492.39571864,2021/03/03 00:00:00+00,566,221189,25,4357,2021/03/01 00:00:00+00,220585,12800,1361,27541,12762,142,114,482,796,957,1447,1786,7072,104719,115794,72,5980,13675,38836,39142,35400,33234,25075,29200,34,0,0,0,367
-856335.869598373,7036492.39571864,2021/03/04 00:00:00+00,462,221649,39,4396,2021/03/02 00:00:00+00,221142,12830,1365,27576,12861,142,114,483,803,961,1449,1794,7080,104997,116072,73,6014,13734,38932,39240,35490,33314,25134,29241,34,0,0,0,368
-856335.869598373,7036492.39571864,2021/03/05 00:00:00+00,522,222169,9,4405,2021/03/03 00:00:00+00,221593,12865,1368,27603,12936,142,114,486,807,965,1453,1798,7096,105215,116304,74,6043,13778,39034,39312,35554,33367,25182,29280,31,0,0,0,369
-856335.869598373,7036492.39571864,2021/03/06 00:00:00+00,539,222699,14,4419,2021/03/04 00:00:00+00,222111,12895,1370,27626,13008,143,114,487,811,968,1458,1802,7108,105490,116547,74,6076,13842,39106,39411,35635,33436,25243,29319,33,0,0,0,370
-856335.869598373,7036492.39571864,2021/03/07 00:00:00+00,525,223219,3,4422,2021/03/05 00:00:00+00,222646,12927,1373,27644,13067,146,114,488,813,973,1462,1807,7120,105785,116785,76,6103,13891,39206,39511,35726,33492,25299,29375,33,0,0,0,371
-856335.869598373,7036492.39571864,2021/03/08 00:00:00+00,437,223651,0,4422,2021/03/06 00:00:00+00,223171,12952,1373,27661,13087,147,114,490,815,978,1463,1808,7133,106055,117040,76,6141,13960,39309,39609,35807,33543,25336,29422,31,0,0,0,372
-856335.869598373,7036492.39571864,2021/03/09 00:00:00+00,311,223957,30,4452,2021/03/07 00:00:00+00,223605,12975,1376,27675,13103,148,114,492,815,981,1465,1813,7143,106270,117258,77,6171,14013,39389,39670,35891,33593,25365,29469,33,0,0,0,373
-856335.869598373,7036492.39571864,2021/03/10 00:00:00+00,631,224588,47,4499,2021/03/08 00:00:00+00,223916,13001,1377,27702,13211,150,114,492,816,982,1469,1818,7156,106429,117409,78,6198,14042,39448,39715,35931,33643,25390,29505,34,0,0,0,374
-856335.869598373,7036492.39571864,2021/03/11 00:00:00+00,592,225179,10,4509,2021/03/09 00:00:00+00,224548,13032,1381,27738,13291,151,114,497,818,983,1471,1823,7171,106747,117723,78,6245,14110,39595,39831,36023,33731,25427,29542,30,0,0,0,375
-856335.869598373,7036492.39571864,2021/03/12 00:00:00+00,646,225820,10,4518,2021/03/10 00:00:00+00,225139,13052,1384,27767,13326,153,115,498,818,985,1475,1826,7178,107048,118012,79,6280,14179,39709,39935,36128,33803,25472,29589,32,0,0,0,376
-856335.869598373,7036492.39571864,2021/03/13 00:00:00+00,543,226358,16,4534,2021/03/11 00:00:00+00,225783,13086,1390,27792,13326,153,115,499,819,992,1482,1828,7194,107359,118343,81,6314,14269,39850,40038,36235,33874,25523,29636,30,0,0,0,377
-856335.869598373,7036492.39571864,2021/03/14 00:00:00+00,384,226741,0,4534,2021/03/12 00:00:00+00,226324,13117,1394,27816,13326,153,115,503,826,995,1485,1831,7205,107628,118615,81,6339,14354,39971,40122,36315,33925,25567,29687,29,0,0,0,378
-856335.869598373,7036492.39571864,2021/03/15 00:00:00+00,575,227316,0,4534,2021/03/13 00:00:00+00,226707,13133,1395,27836,0,153,117,507,827,996,1486,1833,7210,107824,118802,81,6361,14400,40046,40188,36388,33971,25600,29709,31,0,0,0,379
-856335.869598373,7036492.39571864,2021/03/16 00:00:00+00,349,227663,18,4552,2021/03/14 00:00:00+00,227282,13157,1398,27847,0,153,117,508,830,998,1489,1836,7222,108115,119086,81,6411,14496,40137,40277,36482,34038,25643,29754,30,0,0,0,380
-856335.869598373,7036492.39571864,2021/03/17 00:00:00+00,557,228215,17,4566,2021/03/15 00:00:00+00,227628,13202,1398,27859,0,153,117,510,831,1005,1492,1840,7250,108285,119262,81,6431,14546,40191,40334,36543,34070,25667,29802,33,0,0,0,381
-856335.869598373,7036492.39571864,2021/03/18 00:00:00+00,582,228796,0,4566,2021/03/16 00:00:00+00,228185,13232,1401,27882,0,155,117,512,833,1007,1493,1842,7269,108547,119557,81,6494,14634,40275,40425,36627,34133,25703,29850,29,0,0,0,382
-856335.869598373,7036492.39571864,2021/03/19 00:00:00+00,507,229306,10,4576,2021/03/17 00:00:00+00,228761,13254,1401,27904,0,156,118,514,835,1012,1495,1842,7278,108835,119845,81,6545,14718,40357,40524,36740,34205,25746,29882,32,0,0,0,383
-856335.869598373,7036492.39571864,2021/03/20 00:00:00+00,525,229831,9,4585,2021/03/18 00:00:00+00,229264,13287,1407,27913,0,157,118,516,836,1016,1499,1848,7293,109082,120101,81,6583,14797,40423,40609,36826,34267,25782,29933,33,0,0,0,384
-856335.869598373,7036492.39571864,2021/03/21 00:00:00+00,769,230599,2,4587,2021/03/19 00:00:00+00,229786,13325,1409,27930,0,157,118,517,839,1017,1502,1855,7316,109339,120365,82,6631,14869,40486,40689,36918,34330,25829,29990,34,0,0,0,385
-856335.869598373,7036492.39571864,2021/03/22 00:00:00+00,520,231119,1,4588,2021/03/20 00:00:00+00,230551,13358,1410,27951,0,157,120,519,841,1018,1506,1860,7333,109721,120744,86,6704,14977,40588,40836,37058,34403,25883,30058,32,0,0,0,386
-856335.869598373,7036492.39571864,2021/03/23 00:00:00+00,371,231484,24,4610,2021/03/21 00:00:00+00,231070,13373,1410,27965,0,157,121,521,842,1021,1506,1862,7339,109978,121006,86,6773,15075,40656,40916,37152,34454,25906,30094,28,0,0,0,387
-856335.869598373,7036492.39571864,2021/03/24 00:00:00+00,683,232164,18,4628,2021/03/22 00:00:00+00,231442,13391,1410,27972,0,158,123,523,843,1023,1507,1865,7345,110162,121194,86,6810,15157,40696,40973,37217,34495,25933,30117,30,0,0,0,388
-856335.869598373,7036492.39571864,2021/03/25 00:00:00+00,606,232758,3,4631,2021/03/23 00:00:00+00,232124,13414,1410,27996,0,158,124,523,846,1026,1508,1870,7355,110486,121552,86,6866,15270,40791,41090,37349,34563,25987,30164,32,0,0,0,389
-856335.869598373,7036492.39571864,2021/03/26 00:00:00+00,584,233327,20,4651,2021/03/24 00:00:00+00,232729,13434,1411,28010,0,159,124,524,846,1028,1510,1872,7367,110784,121858,87,6908,15369,40875,41201,37466,34621,26036,30209,33,0,0,0,390
-856335.869598373,7036492.39571864,2021/03/27 00:00:00+00,624,233937,2,4653,2021/03/25 00:00:00+00,233313,13460,1411,28023,0,162,125,526,847,1033,1510,1876,7377,111082,122144,87,6960,15440,40969,41280,37591,34689,26076,30264,34,0,0,0,391
